Workbook

Sheet Step 1
A6: Date | B6: Close | C6: MA1 | D6: MA2 | E6: MA3
A7: 08/02/2024 | B7: 11 | C7: =AVERAGE(B7:B25) -> 14.513158 | D7: =AVERAGE(B7:B45) -> 22.428462 | E7: =AVERAGE(B7:B105) -> 38.001616
A8: 07/31/2024 | B8: 11.42 | C8: =AVERAGE(B8:B26) -> 15.153158 | D8: =AVERAGE(B8:B46) -> 23.234103 | E8: =AVERAGE(B8:B106) -> 38.448081
A9: 06/28/2024 | B9: 10.39 | C9: =AVERAGE(B9:B27) -> 15.440526 | D9: =AVERAGE(B9:B47) -> 23.993077 | E9: =AVERAGE(B9:B107) -> 38.897475
A10: 05/31/2024 | B10: 11.91 | C10: =AVERAGE(B10:B28) -> 15.950526 | D10: =AVERAGE(B10:B48) -> 24.883077 | E10: =AVERAGE(B10:B108) -> 39.34899
A11: 04/30/2024 | B11: 11.39 | C11: =AVERAGE(B11:B29) -> 16.287895 | D11: =AVERAGE(B11:B49) -> 26.231282 | E11: =AVERAGE(B11:B109) -> 39.717374
A12: 03/28/2024 | B12: 11.77 | C12: =AVERAGE(B12:B30) -> 16.690526 | D12: =AVERAGE(B12:B50) -> 27.182821 | E12: =AVERAGE(B12:B110) -> 40.082121
A13: 02/29/2024 | B13: 11.04 | C13: =AVERAGE(B13:B31) -> 17.302105 | D13: =AVERAGE(B13:B51) -> 27.83641 | E13: =AVERAGE(B13:B111) -> 40.439293
A14: 01/31/2024 | B14: 14.59 | C14: =AVERAGE(B14:B32) -> 17.965789 | D14: =AVERAGE(B14:B52) -> 28.457949 | E14: =AVERAGE(B14:B112) -> 40.837677
A15: 12/29/2023 | B15: 14.79 | C15: =AVERAGE(B15:B33) -> 18.496842 | D15: =AVERAGE(B15:B53) -> 28.81641 | E15: =AVERAGE(B15:B113) -> 41.160202
A16: 11/30/2023 | B16: 14.37 | C16: =AVERAGE(B16:B34) -> 19.525263 | D16: =AVERAGE(B16:B54) -> 29.155385 | E16: =AVERAGE(B16:B114) -> 41.413838
A17: 10/31/2023 | B17: 10.88 | C17: =AVERAGE(B17:B35) -> 20.301579 | D17: =AVERAGE(B17:B55) -> 29.501026 | E17: =AVERAGE(B17:B115) -> 41.725657
A18: 09/29/2023 | B18: 12.9 | C18: =AVERAGE(B18:B36) -> 21.718947 | D18: =AVERAGE(B18:B56) -> 29.890513 | E18: =AVERAGE(B18:B116) -> 42.155859
... A127: 08/29/2014 | B127: 59.29 | C127: =AVERAGE(B127:B145) -> 59.29 | D127: =AVERAGE(B127:B165) -> 59.29 | E127: =AVERAGE(B127:B225) -> 59.29

Sheet Step 2
A1: Historical Pricing
A2: Date | B2: Close | C2: NAICS | D2: Year | E2: TB | F2: R_PARA | G2: R_NAICS | H2: R_TB | I2: ER_PARA | J2: ER_NAICS | L2: beta | M2: =LINEST(I3:I122,J3:J122,FALSE) -> 0.85227577
A3: 08/02/2024 | B3: 11 | C3: 1930.67 | D3: 2024-08 | E3: 5.1 | F3: =(B3-B4)/B4 -> -0.036777583 | G3: =(C3-C4)/C4 -> -0.036288853 | H3: =(E3-E4)/E4 -> -0.019230769 | I3: =F3-H3 -> -0.017546814 | J3: =F3-G3 -> -0.00048872991 | L3: E(r) | M3: =(5.1+0.852275767*(-0.00049))/100 -> 0.050995824
A4: 07/31/2024 | B4: 11.42 | C4: 2003.37 | D4: 2024-07 | E4: 5.2 | F4: =(B4-B5)/B5 -> 0.099133782 | G4: =(C4-C5)/C5 -> 0.015758332 | H4: =(E4-E5)/E5 -> -0.0076335878 | I4: =F4-H4 -> 0.10676737 | J4: =F4-G4 -> 0.083375451
A5: 06/28/2024 | B5: 10.39 | C5: 1972.29 | D5: 2024-06 | E5: 5.24 | F5: =(B5-B6)/B6 -> -0.12762385 | G5: =(C5-C6)/C6 -> -0.022675355 | H5: =(E5-E6)/E6 -> -0.0019047619 | I5: =F5-H5 -> -0.12571908 | J5: =F5-G5 -> -0.10494849 | L5: Current Price | M5: =B3 -> 11 | O5: =(0.3485-0.2819905) -> 0.0665095
A6: 05/31/2024 | B6: 11.91 | C6: 2018.05 | D6: 2024-05 | E6: 5.25 | F6: =(B6-B7)/B7 -> 0.045654083 | G6: =(C6-C7)/C7 -> -0.023946101 | H6: =(E6-E7)/E7 -> 0.0019083969 | I6: =F6-H6 -> 0.043745686 | J6: =F6-G6 -> 0.069600183 | L6: Exp Price | M6: =M5*(1+M3) -> 11.560954
A7: 04/30/2024 | B7: 11.39 | C7: 2067.56 | D7: 2024-04 | E7: 5.24 | F7: =(B7-B8)/B8 -> -0.032285472 | G7: =(C7-C8)/C8 -> 0.0042061295 | H7: =(E7-E8)/E8 -> 0 | I7: =F7-H7 -> -0.032285472 | J7: =F7-G7 -> -0.036491601
A8: 03/28/2024 | B8: 11.77 | C8: 2058.9 | D8: 2024-03 | E8: 5.24 | F8: =(B8-B9)/B9 -> 0.066123188 | G8: =(C8-C9)/C9 -> 0.032035248 | H8: =(E8-E9)/E9 -> 0 | I8: =F8-H8 -> 0.066123188 | J8: =F8-G8 -> 0.03408794 | L8: Trading Str. | M8: long position
A9: 02/29/2024 | B9: 11.04 | C9: 1994.99 | D9: 2024-02 | E9: 5.24 | F9: =(B9-B10)/B10 -> -0.24331734 | G9: =(C9-C10)/C10 -> -0.052036113 | H9: =(E9-E10)/E10 -> 0.0038314176 | I9: =F9-H9 -> -0.24714876 | J9: =F9-G9 -> -0.19128123 | L9: Sell with min | M9: 11.3
A10: 01/31/2024 | B10: 14.59 | C10: 2104.5 | D10: 2024-01 | E10: 5.22 | F10: =(B10-B11)/B11 -> -0.01352265 | G10: =(C10-C11)/C11 -> 0.017704036 | H10: =(E10-E11)/E11 -> -0.0038167939 | I10: =F10-H10 -> -0.0097058565 | J10: =F10-G10 -> -0.031226687 | L10: Then buy at | M10: 10.9
A11: 12/29/2023 | B11: 14.79 | C11: 2067.89 | D11: 2023-12 | E11: 5.24 | F11: =(B11-B12)/B12 -> 0.029227557 | G11: =(C11-C12)/C12 -> -0.0084487727 | H11: =(E11-E12)/E12 -> -0.0056925996 | I11: =F11-H11 -> 0.034920157 | J11: =F11-G11 -> 0.03767633
A12: 11/30/2023 | B12: 14.37 | C12: 2085.51 | D12: 2023-11 | E12: 5.27 | F12: =(B12-B13)/B13 -> 0.32077206 | G12: =(C12-C13)/C13 -> -0.010382511 | H12: =(E12-E13)/E13 -> -0.013108614 | I12: =F12-H12 -> 0.33388067 | J12: =F12-G12 -> 0.33115457 | L12: Test Trading Str.
A13: 10/31/2023 | B13: 10.88 | C13: 2107.39 | D13: 2023-10 | E13: 5.34 | F13: =(B13-B14)/B14 -> -0.15658915 | G13: =(C13-C14)/C14 -> 0.021462743 | H13: =(E13-E14)/E14 -> 0.0037593985 | I13: =F13-H13 -> -0.16034855 | J13: =F13-G13 -> -0.17805189 | L13: Sell | M13: 45506
A14: 09/29/2023 | B14: 12.9 | C14: 2063.11 | D14: 2023-09 | E14: 5.32 | F14: =(B14-B15)/B15 -> -0.14512922 | G14: =(C14-C15)/C15 -> -0.019359837 | H14: =(E14-E15)/E15 -> 0.0037735849 | I14: =F14-H14 -> -0.14890281 | J14: =F14-G14 -> -0.12576939 | L14: buy | M14: 45506
A15: 08/31/2023 | B15: 15.09 | C15: 2103.84 | D15: 2023-08 | E15: 5.3 | F15: =(B15-B16)/B16 -> -0.05864005 | G15: =(C15-C16)/C16 -> 0.066758612 | H15: =(E15-E16)/E16 -> 0.0095238095 | I15: =F15-H15 -> -0.068163859 | J15: =F15-G15 -> -0.12539866
A16: 07/31/2023 | B16: 16.03 | C16: 1972.18 | D16: 2023-07 | E16: 5.25 | F16: =(B16-B17)/B17 -> 0.0075424261 | G16: =(C16-C17)/C17 -> 0.027161034 | H16: =(E16-E17)/E17 -> 0.01744186 | I16: =F16-H16 -> -0.0098994343 | J16: =F16-G16 -> -0.019618608 | L16: return | M16: =(M9-M10)/M10 -> 0.036697248
A17: 06/30/2023 | B17: 15.91 | C17: 1920.03 | D17: 2023-06 | E17: 5.16 | F17: =(B17-B18)/B18 -> 0.046022354 | G17: =(C17-C18)/C18 -> -0.076624538 | H17: =(E17-E18)/E18 -> 0.0038910506 | I17: =F17-H17 -> 0.042131303 | J17: =F17-G17 -> 0.12264689
A18: 05/31/2023 | B18: 15.21 | C18: 2079.36 | D18: 2023-05 | E18: 5.14 | F18: =(B18-B19)/B19 -> -0.34804972 | G18: =(C18-C19)/C19 -> -0.00050470821 | H18: =(E18-E19)/E19 -> 0.044715447 | I18: =F18-H18 -> -0.39276517 | J18: =F18-G18 -> -0.34754501
A19: 04/28/2023 | B19: 23.33 | C19: 2080.41 | D19: 2023-04 | E19: 4.92 | F19: =(B19-B20)/B20 -> 0.045719408 | G19: =(C19-C20)/C20 -> 0.01784299 | H19: =(E19-E20)/E20 -> 0.049040512 | I19: =F19-H19 -> -0.0033211034 | J19: =F19-G19 -> 0.027876419
A20: 03/31/2023 | B20: 22.31 | C20: 2043.94 | D20: 2023-03 | E20: 4.69 | F20: =(B20-B21)/B21 -> 0.041549953 | G20: =(C20-C21)/C21 -> 0.053446996 | H20: =(E20-E21)/E21 -> 0.0086021505 | I20: =F20-H20 -> 0.032947803 | J20: =F20-G20 -> -0.011897043
A21: 02/28/2023 | B21: 21.42 | C21: 1940.24 | D21: 2023-02 | E21: 4.65 | F21: =(B21-B22)/B22 -> -0.075129534 | G21: =(C21-C22)/C22 -> 0.0041454692 | H21: =(E21-E22)/E22 -> 0.024229075 | I21: =F21-H21 -> -0.099358609 | J21: =F21-G21 -> -0.079275003
A22: 01/31/2023 | B22: 23.16 | C22: 1932.23 | D22: 2023-01 | E22: 4.54 | F22: =(B22-B23)/B23 -> 0.37203791 | G22: =(C22-C23)/C23 -> -0.061905872 | H22: =(E22-E23)/E23 -> 0.068235294 | I22: =F22-H22 -> 0.30380262 | J22: =F22-G22 -> 0.43394379
A23: 12/30/2022 | B23: 16.88 | C23: 2059.74 | D23: 2022-12 | E23: 4.25 | F23: =(B23-B24)/B24 -> -0.15936255 | G23: =(C23-C24)/C24 -> -0.0026921028 | H23: =(E23-E24)/E24 -> 0.024096386 | I23: =F23-H23 -> -0.18345894 | J23: =F23-G23 -> -0.15667045
A24: 11/30/2022 | B24: 20.08 | C24: 2065.3 | D24: 2022-11 | E24: 4.15 | F24: =(B24-B25)/B25 -> 0.096069869 | G24: =(C24-C25)/C25 -> -0.015098047 | H24: =(E24-E25)/E25 -> 0.1155914 | I24: =F24-H24 -> -0.019521529 | J24: =F24-G24 -> 0.11116792
A25: 10/31/2022 | B25: 18.32 | C25: 2096.96 | D25: 2022-10 | E25: 3.72 | F25: =(B25-B26)/B26 -> -0.037815126 | G25: =(C25-C26)/C26 -> -0.00090525333 | H25: =(E25-E26)/E26 -> 0.1884984 | I25: =F25-H25 -> -0.22631353 | J25: =F25-G25 -> -0.036909873
A26: 09/30/2022 | B26: 19.04 | C26: 2098.86 | D26: 2022-09 | E26: 3.13 | F26: =(B26-B27)/B27 -> -0.18597691 | G26: =(C26-C27)/C27 -> -0.034385351 | H26: =(E26-E27)/E27 -> 0.19011407 | I26: =F26-H26 -> -0.37609098 | J26: =F26-G26 -> -0.15159156
A27: 08/31/2022 | B27: 23.39 | C27: 2173.6 | D27: 2022-08 | E27: 2.63 | F27: =(B27-B28)/B28 -> -0.010993658 | G27: =(C27-C28)/C28 -> 0.0012206638 | H27: =(E27-E28)/E28 -> 0.1793722 | I27: =F27-H27 -> -0.19036585 | J27: =F27-G27 -> -0.012214321
A28: 07/29/2022 | B28: 23.65 | C28: 2170.95 | D28: 2022-07 | E28: 2.23 | F28: =(B28-B29)/B29 -> -0.041734198 | G28: =(C28-C29)/C29 -> 0.0012360084 | H28: =(E28-E29)/E29 -> 0.4966443 | I28: =F28-H28 -> -0.53837849 | J28: =F28-G28 -> -0.042970206
... A122: 09/30/2014 | B122: 53.5 | C122: 5460.48 | D122: 2014-09 | E122: 0.02 | F122: =(B122-B123)/B123 -> -0.097655591 | G122: =(C122-C123)/C123 -> -0.011194611 | H122: =(E122-E123)/E123 -> -0.33333333 | I122: =F122-H122 -> 0.23567774 | J122: =F122-G122 -> -0.08646098
A123: 08/29/2014 | B123: 59.29 | C123: 5522.3 | D123: 2014-08 | E123: 0.03

Sheet Charts
A2: date | B2: rolling beta | C2: date | D2: rolling stdev
A3: 08/01/2024 | B3: -2.5968182e-05 | C3: 08/01/2024 | D3: 0.042811239
A4: 07/31/2024 | B4: 3.0981425e-05 | C4: 07/31/2024 | D4: 0.042796735
A5: 07/30/2024 | B5: -3.4219144e-05 | C5: 07/30/2024 | D5: 0.042786676
A6: 07/29/2024 | B6: -3.6759634e-05 | C6: 07/29/2024 | D6: 0.043190381
A7: 07/26/2024 | B7: -2.7248209e-05 | C7: 07/26/2024 | D7: 0.043181611
A8: 07/25/2024 | B8: 1.7645428e-05 | C8: 07/25/2024 | D8: 0.043111768
A9: 07/24/2024 | B9: -5.7387759e-05 | C9: 07/24/2024 | D9: 0.043114172
A10: 07/23/2024 | B10: -8.7889428e-05 | C10: 07/23/2024 | D10: 0.043124417
A11: 07/22/2024 | B11: -2.5535353e-05 | C11: 07/22/2024 | D11: 0.043111663
A12: 07/19/2024 | B12: -3.2260964e-07 | C12: 07/19/2024 | D12: 0.043332429
A13: 07/18/2024 | B13: -5.7420016e-06 | C13: 07/18/2024 | D13: 0.043328489
A14: 07/17/2024 | B14: 4.5103102e-05 | C14: 07/17/2024 | D14: 0.043298018
... A1936: 11/18/2016 | B1936: 0.00056447557 | C1936: 11/18/2016 | D1936: 0.013083319
A1937: 11/17/2016 | C1937: 11/17/2016 | D1937: 0.013257152
A1938: 11/16/2016 | C1938: 11/16/2016 | D1938: 0.013319522
A1939: 11/15/2016 | C1939: 11/15/2016 | D1939: 0.013885242
A1940: 11/14/2016 | C1940: 11/14/2016 | D1940: 0.0138766
A1941: 11/11/2016 | C1941: 11/11/2016 | D1941: 0.013756516
A1942: 11/10/2016 | C1942: 11/10/2016 | D1942: 0.013771246
A1943: 11/09/2016 | C1943: 11/09/2016 | D1943: 0.013768648
A1944: 11/08/2016 | C1944: 11/08/2016 | D1944: 0.013831188
A1945: 11/07/2016 | C1945: 11/07/2016 | D1945: 0.014025312
A1946: 11/04/2016 | C1946: 11/04/2016 | D1946: 0.014005111
A1947: 11/03/2016 | C1947: 11/03/2016 | D1947: 0.013813427
A1948: 11/02/2016 | C1948: 11/02/2016 | D1948: 0.013857068
... A2515: 08/05/2014 | C2515: 08/05/2014 | D2515: 0.016518058
A2516: 08/04/2014 | C2516: 08/04/2014
A2517: 08/01/2014 | C2517: 08/01/2014

Sheet Data
A1: Historical Pricing
A2: Date | B2: Mkt-RF | C2: SMB | D2: HML | E2: RMW | F2: CMA | G2: RF | H2: Closing Price | I2: NAICS | J2: TB | K2: R_PARA | L2: ER_NAICS | M2: R_TB | N2: ER_PARA | O2: ER_NAICS | P2: date | Q2: rolling beta | R2: rolling stdev | T2: beta | U2: =LINEST(N3:N122,O3:O122,FALSE) -> 0.98337135 | V2: stdev | W2: =STDEV(N:N) -> 0.029765281
A3: 08/01/2024 | B3: 1.52 | C3: -0.97 | D3: -1.32 | E3: 0.44 | F3: 1.43 | G3: 0.021 | H3: 11.11 | I3: 5446.68 | J3: 5.12 | K3: =(H3-H4)/H4 -> -0.027145359 | L3: =(I3-I4)/I4 -> -0.01369357 | M3: =(J3-J4)/J4 -> -0.0058252427 | N3: =K3-G3 -> -0.048145359 | O3: =K3-L3 -> -0.013451789 | P3: 08/01/2024 | Q3: =LINEST(N3:N583, B3:B583) -> -2.5968182e-05 | R3: =STDEV(N3:N103) -> 0.042811239 | T3: E(r) | U3: =(5.1+0.852275767*(-0.00049))/100 -> 0.050995824
A4: 07/31/2024 | B4: 1.52 | C4: -0.97 | D4: -1.32 | E4: 0.44 | F4: 1.43 | G4: 0.021 | H4: 11.42 | I4: 5522.3 | J4: 5.15 | K4: =(H4-H5)/H5 -> 0.016014235 | L4: =(I4-I5)/I5 -> 0.015793424 | M4: =(J4-J5)/J5 -> 0.0019455253 | N4: =K4-G4 -> -0.0049857651 | O4: =K4-L4 -> 0.00022081124 | P4: 07/31/2024 | Q4: =LINEST(N4:N584, B4:B584) -> 3.0981425e-05 | R4: =STDEV(N4:N104) -> 0.042796735
A5: 07/30/2024 | B5: -0.5 | C5: 0.69 | D5: 1.37 | E5: 0.46 | F5: -1.03 | G5: 0.021 | H5: 11.24 | I5: 5436.44 | J5: 5.14 | K5: =(H5-H6)/H6 -> 0.016274864 | L5: =(I5-I6)/I6 -> -0.004960154 | M5: =(J5-J6)/J6 -> -0.0019417476 | N5: =K5-G5 -> -0.0047251356 | O5: =K5-L5 -> 0.021235018 | P5: 07/30/2024 | Q5: =LINEST(N5:N585, B5:B585) -> -3.4219144e-05 | R5: =STDEV(N5:N105) -> 0.042786676 | T5: Current Price | U5: =H3 -> 11.11 | W5: =(0.3485-0.2819905) -> 0.0665095
A6: 07/29/2024 | B6: -0.02 | C6: -1.05 | D6: -0.44 | E6: 0.61 | F6: -0.25 | G6: 0.021 | H6: 11.06 | I6: 5463.54 | J6: 5.15 | K6: =(H6-H7)/H7 -> -0.011617516 | L6: =(I6-I7)/I7 -> 0.00081332088 | M6: =(J6-J7)/J7 -> -0.0019379845 | N6: =K6-G6 -> -0.032617516 | O6: =K6-L6 -> -0.012430837 | P6: 07/29/2024 | Q6: =LINEST(N6:N586, B6:B586) -> -3.6759634e-05 | R6: =STDEV(N6:N106) -> 0.043190381 | T6: Exp Price | U6: =U5*(1+U3) -> 11.676564
A7: 07/26/2024 | B7: 1.1 | C7: 0.58 | D7: -0.19 | E7: 0.02 | F7: 0.09 | G7: 0.021 | H7: 11.19 | I7: 5459.1 | J7: 5.16 | K7: =(H7-H8)/H8 -> -0.023560209 | L7: =(I7-I8)/I8 -> 0.011090491 | M7: =(J7-J8)/J8 -> -0.001934236 | N7: =K7-G7 -> -0.044560209 | O7: =K7-L7 -> -0.0346507 | P7: 07/26/2024 | Q7: =LINEST(N7:N587, B7:B587) -> -2.7248209e-05 | R7: =STDEV(N7:N107) -> 0.043181611 | W7: Stage 3
A8: 07/25/2024 | B8: -0.3 | C8: 1.67 | D8: 0.67 | E8: -0.11 | F8: 0.14 | G8: 0.021 | H8: 11.46 | I8: 5399.22 | J8: 5.17 | K8: =(H8-H9)/H9 -> -0.016309013 | L8: =(I8-I9)/I9 -> -0.0051426813 | M8: =(J8-J9)/J9 -> -0.0019305019 | N8: =K8-G8 -> -0.037309013 | O8: =K8-L8 -> -0.011166332 | P8: 07/25/2024 | Q8: =LINEST(N8:N588, B8:B588) -> 1.7645428e-05 | R8: =STDEV(N8:N108) -> 0.043111768 | T8: Trading Str. | U8: short position
A9: 07/24/2024 | B9: -2.4 | C9: 0.02 | D9: 1.72 | E9: 0.1 | F9: 0.08 | G9: 0.021 | H9: 11.65 | I9: 5427.13 | J9: 5.18 | K9: =(H9-H10)/H10 -> -0.0076660988 | L9: =(I9-I10)/I10 -> -0.023149031 | M9: =(J9-J10)/J10 -> 0 | N9: =K9-G9 -> -0.028666099 | O9: =K9-L9 -> 0.015482933 | P9: 07/24/2024 | Q9: =LINEST(N9:N589, B9:B589) -> -5.7387759e-05 | R9: =STDEV(N9:N109) -> 0.043114172 | T9: Sell with min | U9: 11.3 | W9: {=LINEST(N3:N2516, B3:F2516,FALSE)} -> 0.0019167996 | X9: -0.0023848813 | Y9: 0.00048862543 | Z9: -0.00090422124 | AA9: 0.0019177995 | AB9: 0
A10: 07/23/2024 | B10: -0.06 | C10: 1.16 | D10: -0.03 | E10: -0.44 | F10: -0.17 | G10: 0.021 | H10: 11.74 | I10: 5555.74 | J10: 5.18 | K10: =(H10-H11)/H11 -> 0.017331023 | L10: =(I10-I11)/I11 -> -0.0015581167 | M10: =(J10-J11)/J11 -> -0.0019267823 | N10: =K10-G10 -> -0.0036689775 | O10: =K10-L10 -> 0.018889139 | P10: 07/23/2024 | Q10: =LINEST(N10:N590, B10:B590) -> -8.7889428e-05 | R10: =STDEV(N10:N110) -> 0.043124417 | T10: Then buy at | U10: 10.9 | W10: CMA | X10: RMW | Y10: HML | Z10: SMB | AA10: MKT RF | AB10: alpha
A11: 07/22/2024 | B11: 1.08 | C11: 0.52 | D11: -0.53 | E11: -0.36 | F11: 0.69 | G11: 0.021 | H11: 11.54 | I11: 5564.41 | J11: 5.19 | K11: =(H11-H12)/H12 -> 0.0017361111 | L11: =(I11-I12)/I12 -> 0.010792007 | M11: =(J11-J12)/J12 -> -0.0019230769 | N11: =K11-G11 -> -0.019263889 | O11: =K11-L11 -> -0.0090558962 | P11: 07/22/2024 | Q11: =LINEST(N11:N591, B11:B591) -> -2.5535353e-05 | R11: =STDEV(N11:N111) -> 0.043111663
A12: 07/19/2024 | B12: -0.68 | C12: 0.07 | D12: -0.13 | E12: -0.09 | F12: -0.46 | G12: 0.021 | H12: 11.52 | I12: 5505 | J12: 5.2 | K12: =(H12-H13)/H13 -> -0.0094582975 | L12: =(I12-I13)/I13 -> -0.0071402935 | M12: =(J12-J13)/J13 -> -0.0019193858 | N12: =K12-G12 -> -0.030458298 | O12: =K12-L12 -> -0.002318004 | P12: 07/19/2024 | Q12: =LINEST(N12:N592, B12:B592) -> -3.2260964e-07 | R12: =STDEV(N12:N112) -> 0.043332429 | T12: Test Trading Str. | W12: forecasting return | X12: =G3+AA9*B3+Z9*C3+Y9*D3+X9*E3+W9*F3 -> 0.02583884 | Z12: Trading Str.
A13: 07/18/2024 | B13: -0.95 | C13: -1.13 | D13: 0.01 | E13: 0.99 | F13: 0.38 | G13: 0.021 | H13: 11.63 | I13: 5544.59 | J13: 5.21 | K13: =(H13-H14)/H14 -> -0.02021904 | L13: =(I13-I14)/I14 -> -0.0078163725 | M13: =(J13-J14)/J14 -> 0.0019230769 | N13: =K13-G13 -> -0.04121904 | O13: =K13-L13 -> -0.012402667 | P13: 07/18/2024 | Q13: =LINEST(N13:N593, B13:B593) -> -5.7420016e-06 | R13: =STDEV(N13:N113) -> 0.043328489 | T13: Sell | U13: 45506 | W13: current price | X13: =H3 -> 11.11 | Z13: Buy | AA13: Market Order
A14: 07/17/2024 | B14: -1.5 | C14: 0.49 | D14: 2.45 | E14: 0.83 | F14: -0.13 | G14: 0.021 | H14: 11.87 | I14: 5588.27 | J14: 5.2 | K14: =(H14-H15)/H15 -> -0.0066945607 | L14: =(I14-I15)/I15 -> -0.013927513 | M14: =(J14-J15)/J15 -> 0 | N14: =K14-G14 -> -0.027694561 | O14: =K14-L14 -> 0.007232952 | P14: 07/17/2024 | Q14: =LINEST(N14:N594, B14:B594) -> 4.5103102e-05 | R14: =STDEV(N14:N114) -> 0.043298018 | T14: buy | U14: 45506 | W14: expected price | X14: =X13+(1*X12) -> 11.135839 | Z14: Sell | AA14: 11.4
A15: 07/16/2024 | B15: 0.83 | C15: 2.76 | D15: 1.37 | E15: -0.64 | F15: 0.07 | G15: 0.021 | H15: 11.95 | I15: 5667.2 | J15: 5.2 | K15: =(H15-H16)/H16 -> 0.031951641 | L15: =(I15-I16)/I16 -> 0.0063893792 | M15: =(J15-J16)/J16 -> 0 | N15: =K15-G15 -> 0.010951641 | O15: =K15-L15 -> 0.025562262 | P15: 07/16/2024 | Q15: =LINEST(N15:N595, B15:B595) -> 2.6406829e-05 | R15: =STDEV(N15:N115) -> 0.043294333
A16: 07/15/2024 | B16: 0.38 | C16: 1.17 | D16: 0.58 | E16: -0.21 | F16: -0.35 | G16: 0.021 | H16: 11.58 | I16: 5631.22 | J16: 5.2 | K16: =(H16-H17)/H17 -> 0.0017301038 | L16: =(I16-I17)/I17 -> 0.0028261818 | M16: =(J16-J17)/J17 -> -0.0019193858 | N16: =K16-G16 -> -0.019269896 | O16: =K16-L16 -> -0.001096078 | P16: 07/15/2024 | Q16: =LINEST(N16:N596, B16:B596) -> 3.5465665e-05 | R16: =STDEV(N16:N116) -> 0.043438949 | T16: return | U16: =(U9-U10)/U10 -> 0.036697248
A17: 07/12/2024 | B17: 0.59 | C17: 0.61 | D17: -0.45 | E17: -0.49 | F17: 0.14 | G17: 0.021 | H17: 11.56 | I17: 5615.35 | J17: 5.21 | K17: =(H17-H18)/H18 -> -0.014492754 | L17: =(I17-I18)/I18 -> 0.0055170166 | M17: =(J17-J18)/J18 -> 0 | N17: =K17-G17 -> -0.035492754 | O17: =K17-L17 -> -0.02000977 | P17: 07/12/2024 | Q17: =LINEST(N17:N597, B17:B597) -> 2.7592697e-05 | R17: =STDEV(N17:N117) -> 0.043674816
A18: 07/11/2024 | B18: -0.6 | C18: 4.21 | D18: 1.76 | E18: -1.09 | F18: -0.09 | G18: 0.021 | H18: 11.73 | I18: 5584.54 | J18: 5.21 | K18: =(H18-H19)/H19 -> 0.0025641026 | L18: =(I18-I19)/I19 -> -0.0087630083 | M18: =(J18-J19)/J19 -> -0.0038240918 | N18: =K18-G18 -> -0.018435897 | O18: =K18-L18 -> 0.011327111 | P18: 07/11/2024 | Q18: =LINEST(N18:N598, B18:B598) -> 0.00011912305 | R18: =STDEV(N18:N118) -> 0.043676636
A19: 07/10/2024 | B19: 0.97 | C19: -0.13 | D19: 0.43 | E19: 0.16 | F19: 0.22 | G19: 0.021 | H19: 11.7 | I19: 5633.91 | J19: 5.23 | K19: =(H19-H20)/H20 -> 0.014744146 | L19: =(I19-I20)/I20 -> 0.010208034 | M19: =(J19-J20)/J20 -> 0 | N19: =K19-G19 -> -0.0062558543 | O19: =K19-L19 -> 0.004536112 | P19: 07/10/2024 | Q19: =LINEST(N19:N599, B19:B599) -> 0.00011929339 | R19: =STDEV(N19:N119) -> 0.043781012
A20: 07/09/2024 | B20: 0 | C20: -0.58 | D20: 0.48 | E20: -0.44 | F20: 0.67 | G20: 0.021 | H20: 11.53 | I20: 5576.98 | J20: 5.23 | K20: =(H20-H21)/H21 -> 0.031305903 | L20: =(I20-I21)/I21 -> 0.00074109298 | M20: =(J20-J21)/J21 -> 0 | N20: =K20-G20 -> 0.010305903 | O20: =K20-L20 -> 0.03056481 | P20: 07/09/2024 | Q20: =LINEST(N20:N600, B20:B600) -> 0.0004807075 | R20: =STDEV(N20:N120) -> 0.04393596
A21: 07/08/2024 | B21: 0.1 | C21: 0.54 | D21: -0.22 | E21: -0.34 | F21: 0.46 | G21: 0.021 | H21: 11.18 | I21: 5572.85 | J21: 5.23 | K21: =(H21-H22)/H22 -> -0.053344623 | L21: =(I21-I22)/I22 -> 0.0010166709 | M21: =(J21-J22)/J22 -> 0 | N21: =K21-G21 -> -0.074344623 | O21: =K21-L21 -> -0.054361294 | P21: 07/08/2024 | Q21: =LINEST(N21:N601, B21:B601) -> 0.00047448271 | R21: =STDEV(N21:N121) -> 0.043829292
A22: 07/05/2024 | B22: 0.48 | C22: -0.79 | D22: -1.42 | E22: -0.32 | F22: -1.02 | G22: 0.021 | H22: 11.81 | I22: 5567.19 | J22: 5.23 | K22: =(H22-H23)/H23 -> 0.030541012 | L22: =(I22-I23)/I23 -> 0.0054487793 | M22: =(J22-J23)/J23 -> 0.046 | N22: =K22-G22 -> 0.0095410122 | O22: =K22-L22 -> 0.025092233 | P22: 07/05/2024 | Q22: =LINEST(N22:N602, B22:B602) -> 0.00047600709 | R22: =STDEV(N22:N122) -> 0.043524566
A23: 07/03/2024 | B23: 0.48 | C23: -0.3 | D23: -0.68 | E23: -0.04 | F23: 0.58 | G23: 0.021 | H23: 11.46 | I23: 5537.02 | J23: 5 | K23: =(H23-H24)/H24 -> 0.069029851 | L23: =(I23-I24)/I24 -> 0.0050843981 | M23: =(J23-J24)/J24 -> -0.045801527 | N23: =K23-G23 -> 0.048029851 | O23: =K23-L23 -> 0.063945453 | P23: 07/03/2024 | Q23: =LINEST(N23:N603, B23:B603) -> 0.00042859259 | R23: =STDEV(N23:N123) -> 0.044164007
A24: 07/02/2024 | B24: 0.58 | C24: -0.47 | D24: 0.39 | E24: 0.51 | F24: -0.64 | G24: 0.021 | H24: 10.72 | I24: 5509.01 | J24: 5.24 | K24: =(H24-H25)/H25 -> 0.057199211 | L24: =(I24-I25)/I25 -> 0.0061953319 | M24: =(J24-J25)/J25 -> 0 | N24: =K24-G24 -> 0.036199211 | O24: =K24-L24 -> 0.051003879 | P24: 07/02/2024 | Q24: =LINEST(N24:N604, B24:B604) -> 0.00037705171 | R24: =STDEV(N24:N124) -> 0.043599619
A25: 07/01/2024 | B25: 0.22 | C25: -1.06 | D25: -0.46 | E25: 0.49 | F25: -0.32 | G25: 0.021 | H25: 10.14 | I25: 5475.09 | J25: 5.24 | K25: =(H25-H26)/H26 -> -0.024061598 | L25: =(I25-I26)/I26 -> 0.002675589 | M25: =(J25-J26)/J26 -> 0 | N25: =K25-G25 -> -0.045061598 | O25: =K25-L25 -> -0.026737187 | P25: 07/01/2024 | Q25: =LINEST(N25:N605, B25:B605) -> 0.00033903407 | R25: =STDEV(N25:N125) -> 0.043273952
A26: 06/28/2024 | B26: -0.35 | C26: 1 | D26: 1.28 | E26: -0.19 | F26: 0.72 | G26: 0.022 | H26: 10.39 | I26: 5460.48 | J26: 5.24 | K26: =(H26-H27)/H27 -> 0.012670565 | L26: =(I26-I27)/I27 -> -0.0040836277 | M26: =(J26-J27)/J27 -> 0.0038314176 | N26: =K26-G26 -> -0.0093294347 | O26: =K26-L26 -> 0.016754193 | P26: 06/28/2024 | Q26: =LINEST(N26:N606, B26:B606) -> 0.00036095907 | R26: =STDEV(N26:N126) -> 0.043244651
A27: 06/27/2024 | B27: 0.14 | C27: 0.53 | D27: -0.39 | E27: -0.97 | F27: -0.12 | G27: 0.022 | H27: 10.26 | I27: 5482.87 | J27: 5.22 | K27: =(H27-H28)/H28 -> 0.029087262 | L27: =(I27-I28)/I28 -> 0.00090728199 | M27: =(J27-J28)/J28 -> -0.0019120459 | N27: =K27-G27 -> 0.0070872618 | O27: =K27-L27 -> 0.02817998 | P27: 06/27/2024 | Q27: =LINEST(N27:N607, B27:B607) -> 0.00027231793 | R27: =STDEV(N27:N127) -> 0.043230104
A28: 06/26/2024 | B28: 0.16 | C28: -0.01 | D28: -0.19 | E28: 0.46 | F28: -0.26 | G28: 0.022 | H28: 9.97 | I28: 5477.9 | J28: 5.23 | K28: =(H28-H29)/H29 -> -0.013847676 | L28: =(I28-I29)/I29 -> 0.0015724133 | M28: =(J28-J29)/J29 -> -0.0019083969 | N28: =K28-G28 -> -0.035847676 | O28: =K28-L28 -> -0.015420089 | P28: 06/26/2024 | Q28: =LINEST(N28:N608, B28:B608) -> 0.00011502254 | R28: =STDEV(N28:N128) -> 0.043669303
... A1936: 11/18/2016 | B1936: 0.31 | C1936: 0.64 | D1936: 0.53 | E1936: 0.85 | F1936: 0.28 | G1936: 0.001 | H1936: 60 | I1936: 2202.94 | J1936: 0.73 | K1936: =(H1936-H1937)/H1937 -> -0.0011653071 | L1936: =(I1936-I1937)/I1937 -> 0.0021654278 | M1936: =(J1936-J1937)/J1937 -> 0.042857143 | N1936: =K1936-G1936 -> -0.0021653071 | O1936: =K1936-L1936 -> -0.0033307349 | P1936: 11/18/2016 | Q1936: =LINEST(N1936:N2516, B1936:B2516) -> 0.00056447557 | R1936: =STDEV(N1936:N2036) -> 0.013083319
A1937: 11/17/2016 | B1937: 0.77 | C1937: -0.26 | D1937: 0.06 | E1937: -0.05 | F1937: 0.35 | G1937: 0.001 | H1937: 60.07 | I1937: 2198.18 | J1937: 0.7 | K1937: =(H1937-H1938)/H1938 -> 0.011620074 | L1937: =(I1937-I1938)/I1938 -> 0.0074613869 | M1937: =(J1937-J1938)/J1938 -> 0.060606061 | N1937: =K1937-G1937 -> 0.010620074 | O1937: =K1937-L1937 -> 0.0041586872 | P1937: 11/17/2016 | R1937: =STDEV(N1937:N2037) -> 0.013257152
A1938: 11/16/2016 | B1938: -0.16 | C1938: 0.57 | D1938: 0.38 | E1938: -0.2 | F1938: 0.11 | G1938: 0.001 | H1938: 59.38 | I1938: 2181.9 | J1938: 0.66 | K1938: =(H1938-H1939)/H1939 -> 0.0028711366 | L1938: =(I1938-I1939)/I1939 -> -0.0023867003 | M1938: =(J1938-J1939)/J1939 -> 0.064516129 | N1938: =K1938-G1938 -> 0.0018711366 | O1938: =K1938-L1938 -> 0.005257837 | P1938: 11/16/2016 | R1938: =STDEV(N1938:N2038) -> 0.013319522
A1939: 11/15/2016 | B1939: 0.56 | C1939: 0.16 | D1939: -0.15 | E1939: 0.16 | F1939: -0.42 | G1939: 0.001 | H1939: 59.21 | I1939: 2187.12 | J1939: 0.62 | K1939: =(H1939-H1940)/H1940 -> 0.0059463133 | L1939: =(I1939-I1940)/I1940 -> 0.0046762887 | M1939: =(J1939-J1940)/J1940 -> 0.16981132 | N1939: =K1939-G1939 -> 0.0049463133 | O1939: =K1939-L1939 -> 0.0012700246 | P1939: 11/15/2016 | R1939: =STDEV(N1939:N2039) -> 0.013885242
A1940: 11/14/2016 | B1940: -0.12 | C1940: 0.22 | D1940: -0.56 | E1940: 0.76 | F1940: -0.16 | G1940: 0.001 | H1940: 58.86 | I1940: 2176.94 | J1940: 0.53 | K1940: =(H1940-H1941)/H1941 -> 0.019397298 | L1940: =(I1940-I1941)/I1941 -> -0.0015822857 | M1940: =(J1940-J1941)/J1941 -> 0.06 | N1940: =K1940-G1940 -> 0.018397298 | O1940: =K1940-L1940 -> 0.020979584 | P1940: 11/14/2016 | R1940: =STDEV(N1940:N2040) -> 0.0138766
A1941: 11/11/2016 | B1941: 0.8 | C1941: -0.54 | D1941: 0.15 | E1941: -0.5 | F1941: 0.22 | G1941: 0.001 | H1941: 57.74 | I1941: 2180.39 | J1941: 0.5 | K1941: =(H1941-H1942)/H1942 -> 0.01032371 | L1941: =(I1941-I1942)/I1942 -> 0.0074808243 | M1941: =(J1941-J1942)/J1942 -> -0.019607843 | N1941: =K1941-G1941 -> 0.0093237095 | O1941: =K1941-L1941 -> 0.0028428852 | P1941: 11/11/2016 | R1941: =STDEV(N1941:N2041) -> 0.013756516
A1942: 11/10/2016 | B1942: 0.21 | C1942: 0.92 | D1942: 1.41 | E1942: -0.22 | F1942: 0.34 | G1942: 0.001 | H1942: 57.15 | I1942: 2164.2 | J1942: 0.51 | K1942: =(H1942-H1943)/H1943 -> -0.0047021944 | L1942: =(I1942-I1943)/I1943 -> -0.00011550278 | M1942: =(J1942-J1943)/J1943 -> 0 | N1942: =K1942-G1942 -> -0.0057021944 | O1942: =K1942-L1942 -> -0.0045866916 | P1942: 11/10/2016 | R1942: =STDEV(N1942:N2042) -> 0.013771246
A1943: 11/09/2016 | B1943: 0.18 | C1943: 2.53 | D1943: -0.02 | E1943: 0.02 | F1943: -0.33 | G1943: 0.001 | H1943: 57.42 | I1943: 2164.45 | J1943: 0.51 | K1943: =(H1943-H1944)/H1944 -> -0.005369825 | L1943: =(I1943-I1944)/I1944 -> -0.0013979368 | M1943: =(J1943-J1944)/J1944 -> -0.019230769 | N1943: =K1943-G1943 -> -0.006369825 | O1943: =K1943-L1943 -> -0.0039718883 | P1943: 11/09/2016 | R1943: =STDEV(N1943:N2043) -> 0.013768648
A1944: 11/08/2016 | B1944: 0.32 | C1944: 1.46 | D1944: 1.84 | E1944: -0.26 | F1944: 0.35 | G1944: 0.001 | H1944: 57.73 | I1944: 2167.48 | J1944: 0.52 | K1944: =(H1944-H1945)/H1945 -> 0.0019090594 | L1944: =(I1944-I1945)/I1945 -> 0.0019507595 | M1944: =(J1944-J1945)/J1945 -> -0.018867925 | N1944: =K1944-G1944 -> 0.00090905935 | O1944: =K1944-L1944 -> -4.1700147e-05 | P1944: 11/08/2016 | R1944: =STDEV(N1944:N2044) -> 0.013831188
A1945: 11/07/2016 | B1945: 1.46 | C1945: 2.13 | D1945: 1.07 | E1945: -0.81 | F1945: 0.71 | G1945: 0.001 | H1945: 57.62 | I1945: 2163.26 | J1945: 0.53 | K1945: =(H1945-H1946)/H1946 -> 0.010699877 | L1945: =(I1945-I1946)/I1946 -> 0.011077044 | M1945: =(J1945-J1946)/J1946 -> -0.894 | N1945: =K1945-G1945 -> 0.0096998772 | O1945: =K1945-L1945 -> -0.00037716666 | P1945: 11/07/2016 | R1945: =STDEV(N1945:N2045) -> 0.014025312
A1946: 11/04/2016 | B1946: 0.4 | C1946: -0.11 | D1946: -0.22 | E1946: -0.06 | F1946: 0.29 | G1946: 0.001 | H1946: 57.01 | I1946: 2139.56 | J1946: 5 | K1946: =(H1946-H1947)/H1947 -> 0.027207207 | L1946: =(I1946-I1947)/I1947 -> 0.0037719562 | M1946: =(J1946-J1947)/J1947 -> 8.6153846 | N1946: =K1946-G1946 -> 0.026207207 | O1946: =K1946-L1946 -> 0.023435251 | P1946: 11/04/2016 | R1946: =STDEV(N1946:N2046) -> 0.014005111
A1947: 11/03/2016 | B1947: 2.23 | C1947: 0.17 | D1947: -0.13 | E1947: -0.31 | F1947: -0.22 | G1947: 0.001 | H1947: 55.5 | I1947: 2131.52 | J1947: 0.52 | K1947: =(H1947-H1948)/H1948 -> 0.0063463282 | L1947: =(I1947-I1948)/I1948 -> 0.022223501 | M1947: =(J1947-J1948)/J1948 -> 0 | N1947: =K1947-G1947 -> 0.0053463282 | O1947: =K1947-L1947 -> -0.015877173 | P1947: 11/03/2016 | R1947: =STDEV(N1947:N2047) -> 0.013813427
A1948: 11/02/2016 | B1948: -0.12 | C1948: 0.85 | D1948: -0.44 | E1948: -0.09 | F1948: -0.05 | G1948: 0.001 | H1948: 55.15 | I1948: 2085.18 | J1948: 0.52 | K1948: =(H1948-H1949)/H1949 -> -0.012179832 | L1948: =(I1948-I1949)/I1949 -> -0.00166614 | M1948: =(J1948-J1949)/J1949 -> -0.018867925 | N1948: =K1948-G1948 -> -0.013179832 | O1948: =K1948-L1948 -> -0.010513692 | P1948: 11/02/2016 | R1948: =STDEV(N1948:N2048) -> 0.013857068
... A2515: 08/05/2014 | B2515: -0.52 | C2515: -0.05 | D2515: -0.15 | E2515: 0.05 | F2515: -0.04 | G2515: 0 | H2515: 56.99 | I2515: 1920.21 | J2515: 0.03 | K2515: =(H2515-H2516)/H2516 -> -0.011962552 | L2515: =(I2515-I2516)/I2516 -> -0.0096854548 | M2515: =(J2515-J2516)/J2516 -> -0.25 | N2515: =K2515-G2515 -> -0.011962552 | O2515: =K2515-L2515 -> -0.0022770972 | P2515: 08/05/2014 | R2515: =STDEV(N2515:N2615) -> 0.01168117
A2516: 08/04/2014 | B2516: 0.02 | C2516: 0.4 | D2516: 0.19 | E2516: -0.03 | F2516: 0.28 | G2516: 0 | H2516: 57.68 | I2516: 1938.99 | J2516: 0.04 | K2516: =(H2516-H2517)/H2517 -> 0.01139751 | L2516: =(I2516-I2517)/I2517 -> 0.0071890502 | M2516: =(J2516-J2517)/J2517 -> 1 | N2516: =K2516-G2516 -> 0.01139751 | O2516: =K2516-L2516 -> 0.0042084599 | P2516: 08/04/2014
A2517: 08/01/2014 | B2517: -0.84 | C2517: 0.72 | D2517: -0.18 | E2517: -0.16 | F2517: 0.02 | G2517: 0 | H2517: 57.03 | I2517: 1925.15 | J2517: 0.02 | N2517: =K2517-G2517 -> 0 | P2517: 08/01/2014

Sheet Price Chart
A2: Date | B2: Closing Price
A3: 08/01/2024 | B3: 11.11
A4: 07/31/2024 | B4: 11.42
A5: 07/30/2024 | B5: 11.24
A6: 07/29/2024 | B6: 11.06
A7: 07/26/2024 | B7: 11.19
A8: 07/25/2024 | B8: 11.46
A9: 07/24/2024 | B9: 11.65
A10: 07/23/2024 | B10: 11.74
A11: 07/22/2024 | B11: 11.54
A12: 07/19/2024 | B12: 11.52
A13: 07/18/2024 | B13: 11.63
A14: 07/17/2024 | B14: 11.87
... A2517: 08/01/2014 | B2517: 57.03

Sheet Stock Prices
A2: Date | B2: Paramount | C2: Comcast | D2: LuluLemon | E2: Hyatt Hotels | F2: MGM Resorts | G2: Ford Motors | H2: Mkt-RF | I2: SMB | J2: HML | K2: RF | L2: ER_PARA | M2: ER_COM | N2: ER_LULU | O2: ER_HYATT | P2: ER_MGM | Q2: ER_FORD
A3: average
A4: 08/01/2024 | B4: 11.11 | C4: =_xlfn.XLOOKUP(A4, [1]report!$A$8:$A$2523, [1]report!$E$8:$E$2523, "n/A", 0) -> 40.26 | D4: =_xlfn.XLOOKUP(A4, [2]report!$A$8:$A$2521, [2]report!$E$8:$E$2521, "n/A", 0) -> 249.05 | E4: =_xlfn.XLOOKUP(A4, [3]report!$A$12:$A$2526, [3]report!$E$12:$E$2526, "n/A", 0) -> 141.16 | F4: =_xlfn.XLOOKUP(A4, [4]report!$A$12:$A$2526, [4]report!$E$12:$E$2526, "n/A",0) -> 37.29 | G4: =_xlfn.XLOOKUP(A4, [5]report!$A$12:$A$2526, [5]report!$E$12:$E$2526, "n/A",0) -> 10.69 | H4: 1.52 | I4: -0.97 | J4: -1.32 | K4: 0.021 | L4: =(B4-B5)/B5 -> -0.027145359 | M4: =(C4-C5)/C5 -> -0.024472983 | N4: =(D4-D5)/D5 -> -0.037153019 | O4: =(E4-E5)/E5 -> -0.041878776 | P4: =(F4-F5)/F5 -> -0.13218525 | Q4: =(G4-G5)/G5 -> -0.012014787
A5: 07/31/2024 | B5: 11.42 | C5: =_xlfn.XLOOKUP(A5, [1]report!$A$8:$A$2523, [1]report!$E$8:$E$2523, "n/A", 0) -> 41.27 | D5: =_xlfn.XLOOKUP(A5, [2]report!$A$8:$A$2521, [2]report!$E$8:$E$2521, "n/A", 0) -> 258.66 | E5: =_xlfn.XLOOKUP(A5, [3]report!$A$12:$A$2526, [3]report!$E$12:$E$2526, "n/A", 0) -> 147.33 | F5: =_xlfn.XLOOKUP(A5, [4]report!$A$12:$A$2526, [4]report!$E$12:$E$2526, "n/A",0) -> 42.97 | G5: =_xlfn.XLOOKUP(A5, [5]report!$A$12:$A$2526, [5]report!$E$12:$E$2526, "n/A",0) -> 10.82 | H5: 1.52 | I5: -0.97 | J5: -1.32 | K5: 0.021 | L5: =(B5-B6)/B6 -> 0.016014235 | M5: =(C5-C6)/C6 -> 0.011271747 | N5: =(D5-D6)/D6 -> 0.010390625 | O5: =(E5-E6)/E6 -> -0.026882431 | P5: =(F5-F6)/F6 -> 0.0044413277 | Q5: =(G5-G6)/G6 -> -0.0018450185
A6: 07/30/2024 | B6: 11.24 | C6: =_xlfn.XLOOKUP(A6, [1]report!$A$8:$A$2523, [1]report!$E$8:$E$2523, "n/A", 0) -> 40.81 | D6: =_xlfn.XLOOKUP(A6, [2]report!$A$8:$A$2521, [2]report!$E$8:$E$2521, "n/A", 0) -> 256 | E6: =_xlfn.XLOOKUP(A6, [3]report!$A$12:$A$2526, [3]report!$E$12:$E$2526, "n/A", 0) -> 151.4 | F6: =_xlfn.XLOOKUP(A6, [4]report!$A$12:$A$2526, [4]report!$E$12:$E$2526, "n/A",0) -> 42.78 | G6: =_xlfn.XLOOKUP(A6, [5]report!$A$12:$A$2526, [5]report!$E$12:$E$2526, "n/A",0) -> 10.84 | H6: -0.5 | I6: 0.69 | J6: 1.37 | K6: 0.021 | L6: =(B6-B7)/B7 -> 0.016274864 | M6: =(C6-C7)/C7 -> 0.0031956735 | N6: =(D6-D7)/D7 -> -0.011697487 | O6: =(E6-E7)/E7 -> 0.0043783999 | P6: =(F6-F7)/F7 -> 0 | Q6: =(G6-G7)/G7 -> -0.015440509
A7: 07/29/2024 | B7: 11.06 | C7: =_xlfn.XLOOKUP(A7, [1]report!$A$8:$A$2523, [1]report!$E$8:$E$2523, "n/A", 0) -> 40.68 | D7: =_xlfn.XLOOKUP(A7, [2]report!$A$8:$A$2521, [2]report!$E$8:$E$2521, "n/A", 0) -> 259.03 | E7: =_xlfn.XLOOKUP(A7, [3]report!$A$12:$A$2526, [3]report!$E$12:$E$2526, "n/A", 0) -> 150.74 | F7: =_xlfn.XLOOKUP(A7, [4]report!$A$12:$A$2526, [4]report!$E$12:$E$2526, "n/A",0) -> 42.78 | G7: =_xlfn.XLOOKUP(A7, [5]report!$A$12:$A$2526, [5]report!$E$12:$E$2526, "n/A",0) -> 11.01 | H7: -0.02 | I7: -1.05 | J7: -0.44 | K7: 0.021 | L7: =(B7-B8)/B8 -> -0.011617516 | M7: =(C7-C8)/C8 -> 0.024943311 | N7: =(D7-D8)/D8 -> 0.021814596 | O7: =(E7-E8)/E8 -> 0.0059392726 | P7: =(F7-F8)/F8 -> 0.022466539 | Q7: =(G7-G8)/G8 -> -0.016085791
A8: 07/26/2024 | B8: 11.19 | C8: =_xlfn.XLOOKUP(A8, [1]report!$A$8:$A$2523, [1]report!$E$8:$E$2523, "n/A", 0) -> 39.69 | D8: =_xlfn.XLOOKUP(A8, [2]report!$A$8:$A$2521, [2]report!$E$8:$E$2521, "n/A", 0) -> 253.5 | E8: =_xlfn.XLOOKUP(A8, [3]report!$A$12:$A$2526, [3]report!$E$12:$E$2526, "n/A", 0) -> 149.85 | F8: =_xlfn.XLOOKUP(A8, [4]report!$A$12:$A$2526, [4]report!$E$12:$E$2526, "n/A",0) -> 41.84 | G8: =_xlfn.XLOOKUP(A8, [5]report!$A$12:$A$2526, [5]report!$E$12:$E$2526, "n/A",0) -> 11.19 | H8: 1.1 | I8: 0.58 | J8: -0.19 | K8: 0.021 | L8: =(B8-B9)/B9 -> -0.023560209 | M8: =(C8-C9)/C9 -> 0.03791841 | N8: =(D8-D9)/D9 -> 0.02498787 | O8: =(E8-E9)/E9 -> -0.0027286038 | P8: =(F8-F9)/F9 -> 0.0096525097 | Q8: =(G8-G9)/G9 -> 0.002688172
A9: 07/25/2024 | B9: 11.46 | C9: =_xlfn.XLOOKUP(A9, [1]report!$A$8:$A$2523, [1]report!$E$8:$E$2523, "n/A", 0) -> 38.24 | D9: =_xlfn.XLOOKUP(A9, [2]report!$A$8:$A$2521, [2]report!$E$8:$E$2521, "n/A", 0) -> 247.32 | E9: =_xlfn.XLOOKUP(A9, [3]report!$A$12:$A$2526, [3]report!$E$12:$E$2526, "n/A", 0) -> 150.26 | F9: =_xlfn.XLOOKUP(A9, [4]report!$A$12:$A$2526, [4]report!$E$12:$E$2526, "n/A",0) -> 41.44 | G9: =_xlfn.XLOOKUP(A9, [5]report!$A$12:$A$2526, [5]report!$E$12:$E$2526, "n/A",0) -> 11.16 | H9: -0.3 | I9: 1.67 | J9: 0.67 | K9: 0.021 | L9: =(B9-B10)/B10 -> -0.016309013 | M9: =(C9-C10)/C10 -> 0.0039380415 | N9: =(D9-D10)/D10 -> -0.090935823 | O9: =(E9-E10)/E10 -> -0.00033264587 | P9: =(F9-F10)/F10 -> -0.023562677 | Q9: =(G9-G10)/G10 -> -0.18361375
A10: 07/24/2024 | B10: 11.65 | C10: =_xlfn.XLOOKUP(A10, [1]report!$A$8:$A$2523, [1]report!$E$8:$E$2523, "n/A", 0) -> 38.09 | D10: =_xlfn.XLOOKUP(A10, [2]report!$A$8:$A$2521, [2]report!$E$8:$E$2521, "n/A", 0) -> 272.06 | E10: =_xlfn.XLOOKUP(A10, [3]report!$A$12:$A$2526, [3]report!$E$12:$E$2526, "n/A", 0) -> 150.31 | F10: =_xlfn.XLOOKUP(A10, [4]report!$A$12:$A$2526, [4]report!$E$12:$E$2526, "n/A",0) -> 42.44 | G10: =_xlfn.XLOOKUP(A10, [5]report!$A$12:$A$2526, [5]report!$E$12:$E$2526, "n/A",0) -> 13.67 | H10: -2.4 | I10: 0.02 | J10: 1.72 | K10: 0.021 | L10: =(B10-B11)/B11 -> -0.0076660988 | M10: =(C10-C11)/C11 -> -0.010906258 | N10: =(D10-D11)/D11 -> -0.033088105 | O10: =(E10-E11)/E11 -> -0.030695815 | P10: =(F10-F11)/F11 -> -0.030607583 | Q10: =(G10-G11)/G11 -> -0.011569053
A11: 07/23/2024 | B11: 11.74 | C11: =_xlfn.XLOOKUP(A11, [1]report!$A$8:$A$2523, [1]report!$E$8:$E$2523, "n/A", 0) -> 38.51 | D11: =_xlfn.XLOOKUP(A11, [2]report!$A$8:$A$2521, [2]report!$E$8:$E$2521, "n/A", 0) -> 281.37 | E11: =_xlfn.XLOOKUP(A11, [3]report!$A$12:$A$2526, [3]report!$E$12:$E$2526, "n/A", 0) -> 155.07 | F11: =_xlfn.XLOOKUP(A11, [4]report!$A$12:$A$2526, [4]report!$E$12:$E$2526, "n/A",0) -> 43.78 | G11: =_xlfn.XLOOKUP(A11, [5]report!$A$12:$A$2526, [5]report!$E$12:$E$2526, "n/A",0) -> 13.83 | H11: -0.06 | I11: 1.16 | J11: -0.03 | K11: 0.021 | L11: =(B11-B12)/B12 -> 0.017331023 | M11: =(C11-C12)/C12 -> -0.025803187 | N11: =(D11-D12)/D12 -> -0.012736842 | O11: =(E11-E12)/E12 -> 0.0071442489 | P11: =(F11-F12)/F12 -> 0.00022846699 | Q11: =(G11-G12)/G12 -> -0.020538244
A12: 07/22/2024 | B12: 11.54 | C12: =_xlfn.XLOOKUP(A12, [1]report!$A$8:$A$2523, [1]report!$E$8:$E$2523, "n/A", 0) -> 39.53 | D12: =_xlfn.XLOOKUP(A12, [2]report!$A$8:$A$2521, [2]report!$E$8:$E$2521, "n/A", 0) -> 285 | E12: =_xlfn.XLOOKUP(A12, [3]report!$A$12:$A$2526, [3]report!$E$12:$E$2526, "n/A", 0) -> 153.97 | F12: =_xlfn.XLOOKUP(A12, [4]report!$A$12:$A$2526, [4]report!$E$12:$E$2526, "n/A",0) -> 43.77 | G12: =_xlfn.XLOOKUP(A12, [5]report!$A$12:$A$2526, [5]report!$E$12:$E$2526, "n/A",0) -> 14.12 | H12: 1.08 | I12: 0.52 | J12: -0.53 | K12: 0.021 | L12: =(B12-B13)/B13 -> 0.0017361111 | M12: =(C12-C13)/C13 -> -0.013722555 | N12: =(D12-D13)/D13 -> 0.017003586 | O12: =(E12-E13)/E13 -> -0.0041394476 | P12: =(F12-F13)/F13 -> -0.035265594 | Q12: =(G12-G13)/G13 -> 0.010014306
A13: 07/19/2024 | B13: 11.52 | C13: =_xlfn.XLOOKUP(A13, [1]report!$A$8:$A$2523, [1]report!$E$8:$E$2523, "n/A", 0) -> 40.08 | D13: =_xlfn.XLOOKUP(A13, [2]report!$A$8:$A$2521, [2]report!$E$8:$E$2521, "n/A", 0) -> 280.235 | E13: =_xlfn.XLOOKUP(A13, [3]report!$A$12:$A$2526, [3]report!$E$12:$E$2526, "n/A", 0) -> 154.61 | F13: =_xlfn.XLOOKUP(A13, [4]report!$A$12:$A$2526, [4]report!$E$12:$E$2526, "n/A",0) -> 45.37 | G13: =_xlfn.XLOOKUP(A13, [5]report!$A$12:$A$2526, [5]report!$E$12:$E$2526, "n/A",0) -> 13.98 | H13: -0.68 | I13: 0.07 | J13: -0.13 | K13: 0.021 | L13: =(B13-B14)/B14 -> -0.0094582975 | M13: =(C13-C14)/C14 -> -0.0014947683 | N13: =(D13-D14)/D14 -> -0.017167608 | O13: =(E13-E14)/E14 -> 0.010919315 | P13: =(F13-F14)/F14 -> 0.0015452539 | Q13: =(G13-G14)/G14 -> -0.039175258
A14: 07/18/2024 | B14: 11.63 | C14: =_xlfn.XLOOKUP(A14, [1]report!$A$8:$A$2523, [1]report!$E$8:$E$2523, "n/A", 0) -> 40.14 | D14: =_xlfn.XLOOKUP(A14, [2]report!$A$8:$A$2521, [2]report!$E$8:$E$2521, "n/A", 0) -> 285.13 | E14: =_xlfn.XLOOKUP(A14, [3]report!$A$12:$A$2526, [3]report!$E$12:$E$2526, "n/A", 0) -> 152.94 | F14: =_xlfn.XLOOKUP(A14, [4]report!$A$12:$A$2526, [4]report!$E$12:$E$2526, "n/A",0) -> 45.3 | G14: =_xlfn.XLOOKUP(A14, [5]report!$A$12:$A$2526, [5]report!$E$12:$E$2526, "n/A",0) -> 14.55 | H14: -0.95 | I14: -1.13 | J14: 0.01 | K14: 0.021 | L14: =(B14-B15)/B15 -> -0.02021904 | M14: =(C14-C15)/C15 -> -0.011086475 | N14: =(D14-D15)/D15 -> -0.025796091 | O14: =(E14-E15)/E15 -> -0.026789691 | P14: =(F14-F15)/F15 -> -0.01926824 | Q14: =(G14-G15)/G15 -> 0.0048342541
A15: 07/17/2024 | B15: 11.87 | C15: =_xlfn.XLOOKUP(A15, [1]report!$A$8:$A$2523, [1]report!$E$8:$E$2523, "n/A", 0) -> 40.59 | D15: =_xlfn.XLOOKUP(A15, [2]report!$A$8:$A$2521, [2]report!$E$8:$E$2521, "n/A", 0) -> 292.68 | E15: =_xlfn.XLOOKUP(A15, [3]report!$A$12:$A$2526, [3]report!$E$12:$E$2526, "n/A", 0) -> 157.15 | F15: =_xlfn.XLOOKUP(A15, [4]report!$A$12:$A$2526, [4]report!$E$12:$E$2526, "n/A",0) -> 46.19 | G15: =_xlfn.XLOOKUP(A15, [5]report!$A$12:$A$2526, [5]report!$E$12:$E$2526, "n/A",0) -> 14.48 | H15: -1.5 | I15: 0.49 | J15: 2.45 | K15: 0.021 | L15: =(B15-B16)/B16 -> -0.0066945607 | M15: =(C15-C16)/C16 -> 0.024741227 | N15: =(D15-D16)/D16 -> 0.0031532767 | O15: =(E15-E16)/E16 -> -0.031253853 | P15: =(F15-F16)/F16 -> -0.012612227 | Q15: =(G15-G16)/G16 -> 0.0062543433
... A560: 05/11/2022 | B560: 26.69 | C560: =_xlfn.XLOOKUP(A560, [1]report!$A$8:$A$2523, [1]report!$E$8:$E$2523, "n/A", 0) -> 39.84 | D560: =_xlfn.XLOOKUP(A560, [2]report!$A$8:$A$2521, [2]report!$E$8:$E$2521, "n/A", 0) -> 291.3 | E560: =_xlfn.XLOOKUP(A560, [3]report!$A$12:$A$2526, [3]report!$E$12:$E$2526, "n/A", 0) -> 83.34 | F560: =_xlfn.XLOOKUP(A560, [4]report!$A$12:$A$2526, [4]report!$E$12:$E$2526, "n/A",0) -> 35.07 | G560: =_xlfn.XLOOKUP(A560, [5]report!$A$12:$A$2526, [5]report!$E$12:$E$2526, "n/A",0) -> 12.83 | H560: 2.76 | I560: 0.37 | J560: -2.16 | K560: 0.001 | L560: =(B560-B561)/B561 -> -0.026622903 | M560: =(C560-C561)/C561 -> -0.011414392 | N560: =(D560-D561)/D561 -> 0 | O560: =(E560-E561)/E561 -> 0 | P560: =(F560-F561)/F561 -> 0 | Q560: =(G560-G561)/G561 -> 0
A561: 05/10/2022 | B561: 27.42 | C561: =_xlfn.XLOOKUP(A561, [1]report!$A$8:$A$2523, [1]report!$E$8:$E$2523, "n/A", 0) -> 40.3 | D561: 291.3 | E561: 83.34 | F561: 35.07 | G561: 12.83 | H561: 0.17 | I561: 1.21 | J561: -1.24 | K561: 0.001 | L561: =(B561-B562)/B562 -> -0.00072886297 | M561: =(C561-C562)/C562 -> 0.013581489 | N561: =(D561-D562)/D562 -> -0.0047150472 | O561: =(E561-E562)/E562 -> 0.044491791 | P561: =(F561-F562)/F562 -> -0.0019920319 | Q561: =(G561-G562)/G562 -> -0.04038893
A562: 05/09/2022 | B562: 27.44 | C562: =_xlfn.XLOOKUP(A562, [1]report!$A$8:$A$2523, [1]report!$E$8:$E$2523, "n/A", 0) -> 39.76 | D562: =_xlfn.XLOOKUP(A562, [2]report!$A$8:$A$2521, [2]report!$E$8:$E$2521, "n/A", 0) -> 292.68 | E562: =_xlfn.XLOOKUP(A562, [3]report!$A$12:$A$2526, [3]report!$E$12:$E$2526, "n/A", 0) -> 79.79 | F562: =_xlfn.XLOOKUP(A562, [4]report!$A$12:$A$2526, [4]report!$E$12:$E$2526, "n/A",0) -> 35.14 | G562: =_xlfn.XLOOKUP(A562, [5]report!$A$12:$A$2526, [5]report!$E$12:$E$2526, "n/A",0) -> 13.37 | H562: -1.95 | I562: -0.59 | J562: 2.59 | K562: 0.001 | L562: =(B562-B563)/B563 -> -0.016839842 | M562: =(C562-C563)/C563 -> -0.006 | N562: =(D562-D563)/D563 -> -0.076864848 | O562: =(E562-E563)/E563 -> -0.066783626 | P562: =(F562-F563)/F563 -> -0.082746019 | Q562: =(G562-G563)/G563 -> -0.0591133
A563: 05/06/2022 | B563: 27.91 | C563: =_xlfn.XLOOKUP(A563, [1]report!$A$8:$A$2523, [1]report!$E$8:$E$2523, "n/A", 0) -> 40 | D563: =_xlfn.XLOOKUP(A563, [2]report!$A$8:$A$2521, [2]report!$E$8:$E$2521, "n/A", 0) -> 317.05 | E563: =_xlfn.XLOOKUP(A563, [3]report!$A$12:$A$2526, [3]report!$E$12:$E$2526, "n/A", 0) -> 85.5 | F563: =_xlfn.XLOOKUP(A563, [4]report!$A$12:$A$2526, [4]report!$E$12:$E$2526, "n/A",0) -> 38.31 | G563: =_xlfn.XLOOKUP(A563, [5]report!$A$12:$A$2526, [5]report!$E$12:$E$2526, "n/A",0) -> 14.21 | H563: 0.2 | I563: -0.49 | J563: -1.24 | K563: 0.001 | L563: =(B563-B564)/B564 -> -0.06090175 | M563: =(C563-C564)/C564 -> -0.0094105993 | N563: =(D563-D564)/D564 -> -0.077270081 | O563: =(E563-E564)/E564 -> -0.011217763 | P563: =(F563-F564)/F564 -> -0.02519084 | Q563: =(G563-G564)/G564 -> -0.0220234
A564: 05/05/2022 | B564: 29.72 | C564: =_xlfn.XLOOKUP(A564, [1]report!$A$8:$A$2523, [1]report!$E$8:$E$2523, "n/A", 0) -> 40.38 | D564: =_xlfn.XLOOKUP(A564, [2]report!$A$8:$A$2521, [2]report!$E$8:$E$2521, "n/A", 0) -> 343.6 | E564: =_xlfn.XLOOKUP(A564, [3]report!$A$12:$A$2526, [3]report!$E$12:$E$2526, "n/A", 0) -> 86.47 | F564: =_xlfn.XLOOKUP(A564, [4]report!$A$12:$A$2526, [4]report!$E$12:$E$2526, "n/A",0) -> 39.3 | G564: =_xlfn.XLOOKUP(A564, [5]report!$A$12:$A$2526, [5]report!$E$12:$E$2526, "n/A",0) -> 14.53 | H564: -3.54 | I564: -0.03 | J564: 1.31 | K564: 0.001 | L564: =(B564-B565)/B565 -> -0.015241882 | M564: =(C564-C565)/C565 -> -0.029793369 | N564: =(D564-D565)/D565 -> -0.057778265 | O564: =(E564-E565)/E565 -> -0.041565063 | P564: =(F564-F565)/F565 -> -0.04216427 | Q564: =(G564-G565)/G565 -> -0.030040053
A565: 05/04/2022 | B565: 30.18 | C565: =_xlfn.XLOOKUP(A565, [1]report!$A$8:$A$2523, [1]report!$E$8:$E$2523, "n/A", 0) -> 41.62 | D565: =_xlfn.XLOOKUP(A565, [2]report!$A$8:$A$2521, [2]report!$E$8:$E$2521, "n/A", 0) -> 364.67 | E565: =_xlfn.XLOOKUP(A565, [3]report!$A$12:$A$2526, [3]report!$E$12:$E$2526, "n/A", 0) -> 90.22 | F565: =_xlfn.XLOOKUP(A565, [4]report!$A$12:$A$2526, [4]report!$E$12:$E$2526, "n/A",0) -> 41.03 | G565: =_xlfn.XLOOKUP(A565, [5]report!$A$12:$A$2526, [5]report!$E$12:$E$2526, "n/A",0) -> 14.98 | H565: -0.85 | I565: -1.02 | J565: 1.79 | K565: 0.001 | L565: =(B565-B566)/B566 -> 0.010040161 | M565: =(C565-C566)/C566 -> 0.030963587 | N565: =(D565-D566)/D566 -> 0.02521788 | O565: =(E565-E566)/E566 -> 0.008608161 | P565: =(F565-F566)/F566 -> 0.0044063647 | Q565: =(G565-G566)/G566 -> 0.028846154
A566: 05/03/2022 | B566: 29.88 | C566: =_xlfn.XLOOKUP(A566, [1]report!$A$8:$A$2523, [1]report!$E$8:$E$2523, "n/A", 0) -> 40.37 | D566: =_xlfn.XLOOKUP(A566, [2]report!$A$8:$A$2521, [2]report!$E$8:$E$2521, "n/A", 0) -> 355.7 | E566: =_xlfn.XLOOKUP(A566, [3]report!$A$12:$A$2526, [3]report!$E$12:$E$2526, "n/A", 0) -> 89.45 | F566: =_xlfn.XLOOKUP(A566, [4]report!$A$12:$A$2526, [4]report!$E$12:$E$2526, "n/A",0) -> 40.85 | G566: =_xlfn.XLOOKUP(A566, [5]report!$A$12:$A$2526, [5]report!$E$12:$E$2526, "n/A",0) -> 14.56 | H566: -3.8 | I566: -0.25 | J566: 2.37 | K566: 0.001 | L566: =(B566-B567)/B567 -> -0.012884044 | M566: =(C566-C567)/C567 -> -0.0019777503 | N566: =(D566-D567)/D567 -> -0.014244541 | O566: =(E566-E567)/E567 -> -0.050928382 | P566: =(F566-F567)/F567 -> -0.026685728 | Q566: =(G566-G567)/G567 -> 0.020322355
A567: 05/02/2022 | B567: 30.27 | C567: =_xlfn.XLOOKUP(A567, [1]report!$A$8:$A$2523, [1]report!$E$8:$E$2523, "n/A", 0) -> 40.45 | D567: =_xlfn.XLOOKUP(A567, [2]report!$A$8:$A$2521, [2]report!$E$8:$E$2521, "n/A", 0) -> 360.84 | E567: =_xlfn.XLOOKUP(A567, [3]report!$A$12:$A$2526, [3]report!$E$12:$E$2526, "n/A", 0) -> 94.25 | F567: =_xlfn.XLOOKUP(A567, [4]report!$A$12:$A$2526, [4]report!$E$12:$E$2526, "n/A",0) -> 41.97 | G567: =_xlfn.XLOOKUP(A567, [5]report!$A$12:$A$2526, [5]report!$E$12:$E$2526, "n/A",0) -> 14.27 | H567: 3 | I567: -0.53 | J567: 0.34 | K567: 0.001 | L567: =(B567-B568)/B568 -> 0.039491758 | M567: =(C567-C568)/C568 -> 0.017354125 | N567: =(D567-D568)/D568 -> 0.017511209 | O567: =(E567-E568)/E568 -> -0.0074768324 | P567: =(F567-F568)/F568 -> 0.022660819 | Q567: =(G567-G568)/G568 -> 0.0077683616
A568: 04/29/2022 | B568: 29.12 | C568: =_xlfn.XLOOKUP(A568, [1]report!$A$8:$A$2523, [1]report!$E$8:$E$2523, "n/A", 0) -> 39.76 | D568: =_xlfn.XLOOKUP(A568, [2]report!$A$8:$A$2521, [2]report!$E$8:$E$2521, "n/A", 0) -> 354.63 | E568: =_xlfn.XLOOKUP(A568, [3]report!$A$12:$A$2526, [3]report!$E$12:$E$2526, "n/A", 0) -> 94.96 | F568: =_xlfn.XLOOKUP(A568, [4]report!$A$12:$A$2526, [4]report!$E$12:$E$2526, "n/A",0) -> 41.04 | G568: =_xlfn.XLOOKUP(A568, [5]report!$A$12:$A$2526, [5]report!$E$12:$E$2526, "n/A",0) -> 14.16 | H568: 0.41 | I568: 0.15 | J568: 1.64 | K568: 0.001 | L568: =(B568-B569)/B569 -> 0.0024096386 | M568: =(C568-C569)/C569 -> -0.046522782 | N568: =(D568-D569)/D569 -> -0.021521397 | O568: =(E568-E569)/E569 -> -0.032304086 | P568: =(F568-F569)/F569 -> -0.025409641 | Q568: =(G568-G569)/G569 -> -0.031463748
A569: 04/28/2022 | B569: 29.05 | C569: =_xlfn.XLOOKUP(A569, [1]report!$A$8:$A$2523, [1]report!$E$8:$E$2523, "n/A", 0) -> 41.7 | D569: =_xlfn.XLOOKUP(A569, [2]report!$A$8:$A$2521, [2]report!$E$8:$E$2521, "n/A", 0) -> 362.43 | E569: =_xlfn.XLOOKUP(A569, [3]report!$A$12:$A$2526, [3]report!$E$12:$E$2526, "n/A", 0) -> 98.13 | F569: =_xlfn.XLOOKUP(A569, [4]report!$A$12:$A$2526, [4]report!$E$12:$E$2526, "n/A",0) -> 42.11 | G569: =_xlfn.XLOOKUP(A569, [5]report!$A$12:$A$2526, [5]report!$E$12:$E$2526, "n/A",0) -> 14.62 | H569: 0.8 | I569: 0.39 | J569: -1.15 | K569: 0.001 | L569: =(B569-B570)/B570 -> 0.0041479433 | M569: =(C569-C570)/C570 -> -0.061867267 | N569: =(D569-D570)/D570 -> 0.02375572 | O569: =(E569-E570)/E570 -> 0.014263566 | P569: =(F569-F570)/F570 -> 0.043877045 | Q569: =(G569-G570)/G570 -> -0.015488215
A570: 04/27/2022 | B570: 28.93 | C570: =_xlfn.XLOOKUP(A570, [1]report!$A$8:$A$2523, [1]report!$E$8:$E$2523, "n/A", 0) -> 44.45 | D570: =_xlfn.XLOOKUP(A570, [2]report!$A$8:$A$2521, [2]report!$E$8:$E$2521, "n/A", 0) -> 354.02 | E570: =_xlfn.XLOOKUP(A570, [3]report!$A$12:$A$2526, [3]report!$E$12:$E$2526, "n/A", 0) -> 96.75 | F570: =_xlfn.XLOOKUP(A570, [4]report!$A$12:$A$2526, [4]report!$E$12:$E$2526, "n/A",0) -> 40.34 | G570: =_xlfn.XLOOKUP(A570, [5]report!$A$12:$A$2526, [5]report!$E$12:$E$2526, "n/A",0) -> 14.85 | H570: -3.53 | I570: 0.87 | J570: 0.59 | K570: 0.001 | L570: =(B570-B571)/B571 -> -0.014981273 | M570: =(C570-C571)/C571 -> -0.002692394 | N570: =(D570-D571)/D571 -> 0.0042265906 | O570: =(E570-E571)/E571 -> 0.0086530442 | P570: =(F570-F571)/F571 -> -0.00024783147 | Q570: =(G570-G571)/G571 -> 0.0095173351
A571: 04/26/2022 | B571: 29.37 | C571: =_xlfn.XLOOKUP(A571, [1]report!$A$8:$A$2523, [1]report!$E$8:$E$2523, "n/A", 0) -> 44.57 | D571: =_xlfn.XLOOKUP(A571, [2]report!$A$8:$A$2521, [2]report!$E$8:$E$2521, "n/A", 0) -> 352.53 | E571: =_xlfn.XLOOKUP(A571, [3]report!$A$12:$A$2526, [3]report!$E$12:$E$2526, "n/A", 0) -> 95.92 | F571: =_xlfn.XLOOKUP(A571, [4]report!$A$12:$A$2526, [4]report!$E$12:$E$2526, "n/A",0) -> 40.35 | G571: =_xlfn.XLOOKUP(A571, [5]report!$A$12:$A$2526, [5]report!$E$12:$E$2526, "n/A",0) -> 14.71 | H571: 2.44 | I571: -0.51 | J571: -0.44 | K571: 0.001 | L571: =(B571-B572)/B572 -> -0.058653846 | M571: =(C571-C572)/C572 -> -0.024939838 | N571: =(D571-D572)/D572 -> -0.04227227 | O571: =(E571-E572)/E572 -> -0.016406891 | P571: =(F571-F572)/F572 -> -0.039971449 | Q571: =(G571-G572)/G572 -> -0.031599737
A572: 04/25/2022 | B572: 31.2 | C572: =_xlfn.XLOOKUP(A572, [1]report!$A$8:$A$2523, [1]report!$E$8:$E$2523, "n/A", 0) -> 45.71 | D572: =_xlfn.XLOOKUP(A572, [2]report!$A$8:$A$2521, [2]report!$E$8:$E$2521, "n/A", 0) -> 368.09 | E572: =_xlfn.XLOOKUP(A572, [3]report!$A$12:$A$2526, [3]report!$E$12:$E$2526, "n/A", 0) -> 97.52 | F572: =_xlfn.XLOOKUP(A572, [4]report!$A$12:$A$2526, [4]report!$E$12:$E$2526, "n/A",0) -> 42.03 | G572: =_xlfn.XLOOKUP(A572, [5]report!$A$12:$A$2526, [5]report!$E$12:$E$2526, "n/A",0) -> 15.19 | H572: 0.12 | I572: -0.57 | J572: 0.35 | K572: 0.001 | L572: =(B572-B573)/B573 -> 0.0051546392 | M572: =(C572-C573)/C573 -> 0.007271926 | N572: =(D572-D573)/D573 -> 0.012181708 | O572: =(E572-E573)/E573 -> 0.028583483 | P572: =(F572-F573)/F573 -> 0.023125609 | Q572: =(G572-G573)/G573 -> 0.0039656312
A573: 04/22/2022 | B573: 31.04 | C573: =_xlfn.XLOOKUP(A573, [1]report!$A$8:$A$2523, [1]report!$E$8:$E$2523, "n/A", 0) -> 45.38 | D573: =_xlfn.XLOOKUP(A573, [2]report!$A$8:$A$2521, [2]report!$E$8:$E$2521, "n/A", 0) -> 363.66 | E573: =_xlfn.XLOOKUP(A573, [3]report!$A$12:$A$2526, [3]report!$E$12:$E$2526, "n/A", 0) -> 94.81 | F573: =_xlfn.XLOOKUP(A573, [4]report!$A$12:$A$2526, [4]report!$E$12:$E$2526, "n/A",0) -> 41.08 | G573: =_xlfn.XLOOKUP(A573, [5]report!$A$12:$A$2526, [5]report!$E$12:$E$2526, "n/A",0) -> 15.13 | H573: -3 | I573: -0.36 | J573: 1.78 | K573: 0.001 | L573: =(B573-B574)/B574 -> -0.039306716 | M573: =(C573-C574)/C574 -> -0.033233916 | N573: =(D573-D574)/D574 -> -0.036023857 | O573: =(E573-E574)/E574 -> -0.023181537 | P573: =(F573-F574)/F574 -> -0.025847759 | Q573: =(G573-G574)/G574 -> -0.036305732
... A923: 12/01/2020 | B923: 36.36 | C923: =_xlfn.XLOOKUP(A923, [1]report!$A$8:$A$2523, [1]report!$E$8:$E$2523, "n/A", 0) -> 51.02 | D923: =_xlfn.XLOOKUP(A923, [2]report!$A$8:$A$2521, [2]report!$E$8:$E$2521, "n/A", 0) -> 377.52 | E923: =_xlfn.XLOOKUP(A923, [3]report!$A$12:$A$2526, [3]report!$E$12:$E$2526, "n/A", 0) -> 73.18 | F923: =_xlfn.XLOOKUP(A923, [4]report!$A$12:$A$2526, [4]report!$E$12:$E$2526, "n/A",0) -> 28.81 | G923: =_xlfn.XLOOKUP(A923, [5]report!$A$12:$A$2526, [5]report!$E$12:$E$2526, "n/A",0) -> 9.24 | H923: 0.18 | I923: 0.54 | J923: -0.06 | K923: 0 | L923: =(B923-B924)/B924 -> 0.030612245 | M923: =(C923-C924)/C924 -> 0.015525478 | N923: =(D923-D924)/D924 -> 0 | O923: =(E923-E924)/E924 -> 0 | P923: =(F923-F924)/F924 -> 0 | Q923: =(G923-G924)/G924 -> 0
A924: 11/30/2020 | B924: 35.28 | C924: =_xlfn.XLOOKUP(A924, [1]report!$A$8:$A$2523, [1]report!$E$8:$E$2523, "n/A", 0) -> 50.24 | D924: 377.52 | E924: 73.18 | F924: 28.81 | G924: 9.24 | H924: 0.11 | I924: 0.21 | J924: 1.07 | K924: 0 | L924: =(B924-B925)/B925 -> 0.0061314701 | M924: =(C924-C925)/C925 -> -0.029178744 | N924: =(D924-D925)/D925 -> 0.033197406 | O924: =(E924-E925)/E925 -> -0.0047599619 | P924: =(F924-F925)/F925 -> 0.0066387142 | Q924: =(G924-G925)/G925 -> 0.01650165
A925: 11/27/2020 | B925: 35.065 | C925: =_xlfn.XLOOKUP(A925, [1]report!$A$8:$A$2523, [1]report!$E$8:$E$2523, "n/A", 0) -> 51.75 | D925: =_xlfn.XLOOKUP(A925, [2]report!$A$8:$A$2521, [2]report!$E$8:$E$2521, "n/A", 0) -> 365.39 | E925: =_xlfn.XLOOKUP(A925, [3]report!$A$12:$A$2526, [3]report!$E$12:$E$2526, "n/A", 0) -> 73.53 | F925: =_xlfn.XLOOKUP(A925, [4]report!$A$12:$A$2526, [4]report!$E$12:$E$2526, "n/A",0) -> 28.62 | G925: =_xlfn.XLOOKUP(A925, [5]report!$A$12:$A$2526, [5]report!$E$12:$E$2526, "n/A",0) -> 9.09 | H925: 0.98 | I925: -0.1 | J925: 0.55 | K925: 0 | L925: =(B925-B926)/B926 -> 0.0070361861 | M925: =(C925-C926)/C926 -> -0.00096525097 | N925: =(D925-D926)/D926 -> 0.021212968 | O925: =(E925-E926)/E926 -> 0.0025906736 | P925: =(F925-F926)/F926 -> 0.0081014442 | Q925: =(G925-G926)/G926 -> 0.0011013216
A926: 11/25/2020 | B926: 34.82 | C926: =_xlfn.XLOOKUP(A926, [1]report!$A$8:$A$2523, [1]report!$E$8:$E$2523, "n/A", 0) -> 51.8 | D926: =_xlfn.XLOOKUP(A926, [2]report!$A$8:$A$2521, [2]report!$E$8:$E$2521, "n/A", 0) -> 357.8 | E926: =_xlfn.XLOOKUP(A926, [3]report!$A$12:$A$2526, [3]report!$E$12:$E$2526, "n/A", 0) -> 73.34 | F926: =_xlfn.XLOOKUP(A926, [4]report!$A$12:$A$2526, [4]report!$E$12:$E$2526, "n/A",0) -> 28.39 | G926: =_xlfn.XLOOKUP(A926, [5]report!$A$12:$A$2526, [5]report!$E$12:$E$2526, "n/A",0) -> 9.08 | H926: -0.53 | I926: -1.54 | J926: -2.05 | K926: 0 | L926: =(B926-B927)/B927 -> 0.0089829035 | M926: =(C926-C927)/C927 -> -0.010317157 | N926: =(D926-D927)/D927 -> 0.023601774 | O926: =(E926-E927)/E927 -> -0.0095881161 | P926: =(F926-F927)/F927 -> -0.0021089631 | Q926: =(G926-G927)/G927 -> -0.039153439
A927: 11/24/2020 | B927: 34.51 | C927: =_xlfn.XLOOKUP(A927, [1]report!$A$8:$A$2523, [1]report!$E$8:$E$2523, "n/A", 0) -> 52.34 | D927: =_xlfn.XLOOKUP(A927, [2]report!$A$8:$A$2521, [2]report!$E$8:$E$2521, "n/A", 0) -> 349.55 | E927: =_xlfn.XLOOKUP(A927, [3]report!$A$12:$A$2526, [3]report!$E$12:$E$2526, "n/A", 0) -> 74.05 | F927: =_xlfn.XLOOKUP(A927, [4]report!$A$12:$A$2526, [4]report!$E$12:$E$2526, "n/A",0) -> 28.45 | G927: =_xlfn.XLOOKUP(A927, [5]report!$A$12:$A$2526, [5]report!$E$12:$E$2526, "n/A",0) -> 9.45 | H927: 0.43 | I927: 0.15 | J927: -1.62 | K927: 0 | L927: =(B927-B928)/B928 -> -0.0031773541 | M927: =(C927-C928)/C928 -> 0.050793013 | N927: =(D927-D928)/D928 -> 0.0029265773 | O927: =(E927-E928)/E928 -> 0.034217877 | P927: =(F927-F928)/F928 -> 0.087954111 | Q927: =(G927-G928)/G928 -> 0.066591422
A928: 11/23/2020 | B928: 34.62 | C928: =_xlfn.XLOOKUP(A928, [1]report!$A$8:$A$2523, [1]report!$E$8:$E$2523, "n/A", 0) -> 49.81 | D928: =_xlfn.XLOOKUP(A928, [2]report!$A$8:$A$2521, [2]report!$E$8:$E$2521, "n/A", 0) -> 348.53 | E928: =_xlfn.XLOOKUP(A928, [3]report!$A$12:$A$2526, [3]report!$E$12:$E$2526, "n/A", 0) -> 71.6 | F928: =_xlfn.XLOOKUP(A928, [4]report!$A$12:$A$2526, [4]report!$E$12:$E$2526, "n/A",0) -> 26.15 | G928: =_xlfn.XLOOKUP(A928, [5]report!$A$12:$A$2526, [5]report!$E$12:$E$2526, "n/A",0) -> 8.86 | H928: 0.03 | I928: -0.27 | J928: -1.34 | K928: 0 | L928: =(B928-B929)/B929 -> 0.018534863 | M928: =(C928-C929)/C929 -> 0.013016067 | N928: =(D928-D929)/D929 -> 0.0080696477 | O928: =(E928-E929)/E929 -> 0.03723019 | P928: =(F928-F929)/F929 -> -0.0022892026 | Q928: =(G928-G929)/G929 -> 0.013729977
A929: 11/20/2020 | B929: 33.99 | C929: =_xlfn.XLOOKUP(A929, [1]report!$A$8:$A$2523, [1]report!$E$8:$E$2523, "n/A", 0) -> 49.17 | D929: =_xlfn.XLOOKUP(A929, [2]report!$A$8:$A$2521, [2]report!$E$8:$E$2521, "n/A", 0) -> 345.74 | E929: =_xlfn.XLOOKUP(A929, [3]report!$A$12:$A$2526, [3]report!$E$12:$E$2526, "n/A", 0) -> 69.03 | F929: =_xlfn.XLOOKUP(A929, [4]report!$A$12:$A$2526, [4]report!$E$12:$E$2526, "n/A",0) -> 26.21 | G929: =_xlfn.XLOOKUP(A929, [5]report!$A$12:$A$2526, [5]report!$E$12:$E$2526, "n/A",0) -> 8.74 | H929: 1.56 | I929: 0.54 | J929: 2.76 | K929: 0 | L929: =(B929-B930)/B930 -> 0.016751421 | M929: =(C929-C930)/C930 -> -0.0062651576 | N929: =(D929-D930)/D930 -> 0.0033081834 | O929: =(E929-E930)/E930 -> -0.015263909 | P929: =(F929-F930)/F930 -> -0.037812041 | Q929: =(G929-G930)/G930 -> -0.0090702948
A930: 11/19/2020 | B930: 33.43 | C930: =_xlfn.XLOOKUP(A930, [1]report!$A$8:$A$2523, [1]report!$E$8:$E$2523, "n/A", 0) -> 49.48 | D930: =_xlfn.XLOOKUP(A930, [2]report!$A$8:$A$2521, [2]report!$E$8:$E$2521, "n/A", 0) -> 344.6 | E930: =_xlfn.XLOOKUP(A930, [3]report!$A$12:$A$2526, [3]report!$E$12:$E$2526, "n/A", 0) -> 70.1 | F930: =_xlfn.XLOOKUP(A930, [4]report!$A$12:$A$2526, [4]report!$E$12:$E$2526, "n/A",0) -> 27.24 | G930: =_xlfn.XLOOKUP(A930, [5]report!$A$12:$A$2526, [5]report!$E$12:$E$2526, "n/A",0) -> 8.82 | H930: 0.83 | I930: 1.4 | J930: 1.53 | K930: 0 | L930: =(B930-B931)/B931 -> 0.022324159 | M930: =(C930-C931)/C931 -> 0.0069190069 | N930: =(D930-D931)/D931 -> 0.022764372 | O930: =(E930-E931)/E931 -> 0.0022876752 | P930: =(F930-F931)/F931 -> 0.012263099 | Q930: =(G930-G931)/G931 -> 0
A931: 11/18/2020 | B931: 32.7 | C931: =_xlfn.XLOOKUP(A931, [1]report!$A$8:$A$2523, [1]report!$E$8:$E$2523, "n/A", 0) -> 49.14 | D931: =_xlfn.XLOOKUP(A931, [2]report!$A$8:$A$2521, [2]report!$E$8:$E$2521, "n/A", 0) -> 336.93 | E931: =_xlfn.XLOOKUP(A931, [3]report!$A$12:$A$2526, [3]report!$E$12:$E$2526, "n/A", 0) -> 69.94 | F931: =_xlfn.XLOOKUP(A931, [4]report!$A$12:$A$2526, [4]report!$E$12:$E$2526, "n/A",0) -> 26.91 | G931: =_xlfn.XLOOKUP(A931, [5]report!$A$12:$A$2526, [5]report!$E$12:$E$2526, "n/A",0) -> 8.82 | H931: -0.51 | I931: 0.6 | J931: -0.59 | K931: 0 | L931: =(B931-B932)/B932 -> 0.01269743 | M931: =(C931-C932)/C932 -> -0.012856569 | N931: =(D931-D932)/D932 -> -0.0043439716 | O931: =(E931-E932)/E932 -> -0.0066751882 | P931: =(F931-F932)/F932 -> 0.018546556 | Q931: =(G931-G932)/G932 -> 0.008
A932: 11/17/2020 | B932: 32.29 | C932: =_xlfn.XLOOKUP(A932, [1]report!$A$8:$A$2523, [1]report!$E$8:$E$2523, "n/A", 0) -> 49.78 | D932: =_xlfn.XLOOKUP(A932, [2]report!$A$8:$A$2521, [2]report!$E$8:$E$2521, "n/A", 0) -> 338.4 | E932: =_xlfn.XLOOKUP(A932, [3]report!$A$12:$A$2526, [3]report!$E$12:$E$2526, "n/A", 0) -> 70.41 | F932: =_xlfn.XLOOKUP(A932, [4]report!$A$12:$A$2526, [4]report!$E$12:$E$2526, "n/A",0) -> 26.42 | G932: =_xlfn.XLOOKUP(A932, [5]report!$A$12:$A$2526, [5]report!$E$12:$E$2526, "n/A",0) -> 8.75 | H932: 0.59 | I932: 0.27 | J932: -0.8 | K932: 0 | L932: =(B932-B933)/B933 -> 0.012225705 | M932: =(C932-C933)/C933 -> 0.00484457 | N932: =(D932-D933)/D933 -> 0.019983724 | O932: =(E932-E933)/E933 -> -0.014417693 | P932: =(F932-F933)/F933 -> -0.0033949453 | Q932: =(G932-G933)/G933 -> -0.0056818182
A933: 11/16/2020 | B933: 31.9 | C933: =_xlfn.XLOOKUP(A933, [1]report!$A$8:$A$2523, [1]report!$E$8:$E$2523, "n/A", 0) -> 49.54 | D933: =_xlfn.XLOOKUP(A933, [2]report!$A$8:$A$2521, [2]report!$E$8:$E$2521, "n/A", 0) -> 331.77 | E933: =_xlfn.XLOOKUP(A933, [3]report!$A$12:$A$2526, [3]report!$E$12:$E$2526, "n/A", 0) -> 71.44 | F933: =_xlfn.XLOOKUP(A933, [4]report!$A$12:$A$2526, [4]report!$E$12:$E$2526, "n/A",0) -> 26.51 | G933: =_xlfn.XLOOKUP(A933, [5]report!$A$12:$A$2526, [5]report!$E$12:$E$2526, "n/A",0) -> 8.8 | H933: -0.93 | I933: -0.03 | J933: -0.04 | K933: 0 | L933: =(B933-B934)/B934 -> 0.056291391 | M933: =(C933-C934)/C934 -> 0.011020408 | N933: =(D933-D934)/D934 -> 0.019419266 | O933: =(E933-E934)/E934 -> 0.034013605 | P933: =(F933-F934)/F934 -> 0.023552124 | Q933: =(G933-G934)/G934 -> 0.030444965
A934: 11/13/2020 | B934: 30.2 | C934: =_xlfn.XLOOKUP(A934, [1]report!$A$8:$A$2523, [1]report!$E$8:$E$2523, "n/A", 0) -> 49 | D934: =_xlfn.XLOOKUP(A934, [2]report!$A$8:$A$2521, [2]report!$E$8:$E$2521, "n/A", 0) -> 325.45 | E934: =_xlfn.XLOOKUP(A934, [3]report!$A$12:$A$2526, [3]report!$E$12:$E$2526, "n/A", 0) -> 69.09 | F934: =_xlfn.XLOOKUP(A934, [4]report!$A$12:$A$2526, [4]report!$E$12:$E$2526, "n/A",0) -> 25.9 | G934: =_xlfn.XLOOKUP(A934, [5]report!$A$12:$A$2526, [5]report!$E$12:$E$2526, "n/A",0) -> 8.54 | H934: -0.19 | I934: 0.58 | J934: 0.01 | K934: 0 | L934: =(B934-B935)/B935 -> 0.032478632 | M934: =(C934-C935)/C935 -> 0.021258858 | N934: =(D934-D935)/D935 -> -0.013518838 | O934: =(E934-E935)/E935 -> 0.049202733 | P934: =(F934-F935)/F935 -> 0.093288307 | Q934: =(G934-G935)/G935 -> 0.040194884
A935: 11/12/2020 | B935: 29.25 | C935: =_xlfn.XLOOKUP(A935, [1]report!$A$8:$A$2523, [1]report!$E$8:$E$2523, "n/A", 0) -> 47.98 | D935: =_xlfn.XLOOKUP(A935, [2]report!$A$8:$A$2521, [2]report!$E$8:$E$2521, "n/A", 0) -> 329.91 | E935: =_xlfn.XLOOKUP(A935, [3]report!$A$12:$A$2526, [3]report!$E$12:$E$2526, "n/A", 0) -> 65.85 | F935: =_xlfn.XLOOKUP(A935, [4]report!$A$12:$A$2526, [4]report!$E$12:$E$2526, "n/A",0) -> 23.69 | G935: =_xlfn.XLOOKUP(A935, [5]report!$A$12:$A$2526, [5]report!$E$12:$E$2526, "n/A",0) -> 8.21 | H935: 1.22 | I935: 1.26 | J935: 1.96 | K935: 0 | L935: =(B935-B936)/B936 -> -0.031456954 | M935: =(C935-C936)/C936 -> 0.0065030417 | N935: =(D935-D936)/D936 -> -0.020108115 | O935: =(E935-E936)/E936 -> 0.010744436 | P935: =(F935-F936)/F936 -> -0.012093411 | Q935: =(G935-G936)/G936 -> -0.014405762
A936: 11/11/2020 | B936: 30.2 | C936: =_xlfn.XLOOKUP(A936, [1]report!$A$8:$A$2523, [1]report!$E$8:$E$2523, "n/A", 0) -> 47.67 | D936: =_xlfn.XLOOKUP(A936, [2]report!$A$8:$A$2521, [2]report!$E$8:$E$2521, "n/A", 0) -> 336.68 | E936: =_xlfn.XLOOKUP(A936, [3]report!$A$12:$A$2526, [3]report!$E$12:$E$2526, "n/A", 0) -> 65.15 | F936: =_xlfn.XLOOKUP(A936, [4]report!$A$12:$A$2526, [4]report!$E$12:$E$2526, "n/A",0) -> 23.98 | G936: =_xlfn.XLOOKUP(A936, [5]report!$A$12:$A$2526, [5]report!$E$12:$E$2526, "n/A",0) -> 8.33 | H936: 1.31 | I936: 0.97 | J936: 1.08 | K936: 0 | L936: =(B936-B937)/B937 -> 0.0043232458 | M936: =(C936-C937)/C937 -> -0.002093364 | N936: =(D936-D937)/D937 -> 0.044973463 | O936: =(E936-E937)/E937 -> -0.016900558 | P936: =(F936-F937)/F937 -> -0.0322841 | Q936: =(G936-G937)/G937 -> -0.0059665871
... A2517: 08/04/2014 | B2517: 57.68 | C2517: =_xlfn.XLOOKUP(A2517, [1]report!$A$8:$A$2523, [1]report!$E$8:$E$2523, "n/A", 0) -> 26.925 | D2517: =_xlfn.XLOOKUP(A2517, [2]report!$A$8:$A$2521, [2]report!$E$8:$E$2521, "n/A", 0) -> 38.5 | E2517: =_xlfn.XLOOKUP(A2517, [3]report!$A$12:$A$2526, [3]report!$E$12:$E$2526, "n/A", 0) -> 58.8 | F2517: =_xlfn.XLOOKUP(A2517, [4]report!$A$12:$A$2526, [4]report!$E$12:$E$2526, "n/A",0) -> 26.45 | G2517: =_xlfn.XLOOKUP(A2517, [5]report!$A$12:$A$2526, [5]report!$E$12:$E$2526, "n/A",0) -> 17.02 | H2517: 0.02 | I2517: 0.4 | J2517: 0.19 | K2517: 0 | L2517: =(B2517-B2518)/B2518 -> 0.01139751 | M2517: =(C2517-C2518)/C2518 -> 0.0086158457 | N2517: =(D2517-D2518)/D2518 -> 0.0052219321 | O2517: =(E2517-E2518)/E2518 -> 0.011004127 | P2517: =(F2517-F2518)/F2518 -> 0.0072353389 | Q2517: =(G2517-G2518)/G2518 -> 0.012492564
A2518: 08/01/2014 | B2518: 57.03 | C2518: =_xlfn.XLOOKUP(A2518, [1]report!$A$8:$A$2523, [1]report!$E$8:$E$2523, "n/A", 0) -> 26.695 | D2518: =_xlfn.XLOOKUP(A2518, [2]report!$A$8:$A$2521, [2]report!$E$8:$E$2521, "n/A", 0) -> 38.3 | E2518: =_xlfn.XLOOKUP(A2518, [3]report!$A$12:$A$2526, [3]report!$E$12:$E$2526, "n/A", 0) -> 58.16 | F2518: =_xlfn.XLOOKUP(A2518, [4]report!$A$12:$A$2526, [4]report!$E$12:$E$2526, "n/A",0) -> 26.26 | G2518: =_xlfn.XLOOKUP(A2518, [5]report!$A$12:$A$2526, [5]report!$E$12:$E$2526, "n/A",0) -> 16.81 | H2518: -0.84 | I2518: 0.72 | J2518: -0.18 | K2518: 0

Sheet Date Gaps
A2: Date | B2: 0
A3: 08/01/2024 | B3: 1
B4: 1
B5: 1
A6: 07/31/2024 | B6: 2
B7: 2
B8: 2
A9: 07/30/2024 | B9: 3
B10: 3
B11: 3
A12: 07/29/2024 | B12: 4
B13: 4
B14: 4
A15: 07/26/2024 | B15: 5
B16: 5
B17: 5
A18: 07/25/2024 | B18: 6
B19: 6
B20: 6
A21: 07/24/2024 | B21: 7
B22: 7
B23: 7
A24: 07/23/2024 | B24: 8
B25: 8
B26: 8
A27: 07/22/2024 | B27: 9
B28: 9
B29: 9
A30: 07/19/2024 | B30: 10
B31: 10
B32: 10
A33: 07/18/2024 | B33: 11
B34: 11
B35: 11
A36: 07/17/2024 | B36: 12
B37: 12
B38: 12
A39: 07/16/2024 | B39: 13
B40: 13
B41: 13
A42: 07/15/2024 | B42: 14
B43: 14
B44: 14
A45: 07/12/2024 | B45: 15
B46: 15
B47: 15
A48: 07/11/2024 | B48: 16
B49: 16
B50: 16
A51: 07/10/2024 | B51: 17
B52: 17
B53: 17
A54: 07/09/2024 | B54: 18
B55: 18
B56: 18
A57: 07/08/2024 | B57: 19
B58: 19
B59: 19
A60: 07/05/2024 | B60: 20
B61: 20
B62: 20
A63: 07/03/2024 | B63: 21
B64: 21
B65: 21
A66: 07/02/2024 | B66: 22
B67: 22
B68: 22
A69: 07/01/2024 | B69: 23
B70: 23
B71: 23
A72: 06/28/2024 | B72: 24
B73: 24
B74: 24
A75: 06/27/2024 | B75: 25
B76: 25
B77: 25
A78: 06/26/2024 | B78: 26
B79: 26
B80: 26
A81: 06/25/2024 | B81: 27
B82: 27
B83: 27
A84: 06/24/2024 | B84: 28
B85: 28
B86: 28
A87: 06/21/2024 | B87: 29
B88: 29
B89: 29
A90: 06/20/2024 | B90: 30
B91: 30
B92: 30
A93: 06/18/2024 | B93: 31
B94: 31
B95: 31
A96: 06/17/2024 | B96: 32
B97: 32
B98: 32
A99: 06/14/2024 | B99: 33
B100: 33
B101: 33
...

Sheet FM1
A2: Date | B2: Row Offset | C2: 3 independent factors | D2: Paramount Coeff | E2: Comcast Coeff | F2: LuluLemon Coeff | G2: Hyatt Hotels Coeff | H2: MGM Resorts Coeff | I2: Ford Motors Coeff | K2: Avg Coef | L2: Para | M2: Comcast | N2: LuLu | O2: Hyatt | P2: MGM | Q2: Ford
A3: 08/01/2024 | B3: 0 | C3: Mrkt-RF | D3: {=TRANSPOSE(LINEST(OFFSET('Stock Prices'!L$4,$B3,0):OFFSET('Stock Prices'!L$784,$B3,0),OFFSET('Stock Prices'!$H$4,$B3,0):OFFSET('Stock Prices'!$J$784,$B3,0)))} -> 4.1876917e-05 | E3: {=TRANSPOSE(LINEST(OFFSET('Stock Prices'!M$4,$B3,0):OFFSET('Stock Prices'!M$784,$B3,0),OFFSET('Stock Prices'!$H$4,$B3,0):OFFSET('Stock Prices'!$J$784,$B3,0)))} -> 0.0004269895 | F3: {=TRANSPOSE(LINEST(OFFSET('Stock Prices'!N$4,$B3,0):OFFSET('Stock Prices'!N$784,$B3,0),OFFSET('Stock Prices'!$H$4,$B3,0):OFFSET('Stock Prices'!$J$784,$B3,0)))} -> 0.0010593052 | G3: {=TRANSPOSE(LINEST(OFFSET('Stock Prices'!O$4,$B3,0):OFFSET('Stock Prices'!O$784,$B3,0),OFFSET('Stock Prices'!$H$4,$B3,0):OFFSET('Stock Prices'!$J$784,$B3,0)))} -> 0.00021072024 | H3: {=TRANSPOSE(LINEST(OFFSET('Stock Prices'!P$4,$B3,0):OFFSET('Stock Prices'!P$784,$B3,0),OFFSET('Stock Prices'!$H$4,$B3,0):OFFSET('Stock Prices'!$J$784,$B3,0)))} -> 0.00016277012 | I3: {=TRANSPOSE(LINEST(OFFSET('Stock Prices'!Q$4,$B3,0):OFFSET('Stock Prices'!Q$784,$B3,0),OFFSET('Stock Prices'!$H$4,$B3,0):OFFSET('Stock Prices'!$J$784,$B3,0)))} -> 0.00060916789 | K3: Mkt-RF | L3: =AVERAGEIF($C:$C,"Mrkt-RF",D:D) -> 0.00012565934 | M3: =AVERAGEIF($C:$C,"Mrkt-RF",E:E) -> 2.9923645e-05 | N3: =AVERAGEIF($C:$C,"Mrkt-RF",F:F) -> 0.0010492352 | O3: =AVERAGEIF($C:$C,"Mrkt-RF",G:G) -> 0.00062378549 | P3: =AVERAGEIF($C:$C,"Mrkt-RF",H:H) -> 0.001096667 | Q3: =AVERAGEIF($C:$C,"Mrkt-RF",I:I) -> 0.00023423178
C4: SMB | D4: 0.0015962852 | E4: 0.00071837922 | F4: 0.0015106102 | G4: 0.0016531682 | H4: 0.0016167891 | I4: 0.00051391906 | K4: SMB | L4: =AVERAGEIF($C:$C,"SMB",D:D) -> -0.001162312 | M4: =AVERAGEIF($C:$C,"SMB",E:E) -> 0.00084036918 | N4: =AVERAGEIF($C:$C,"SMB",F:F) -> 0.0023429743 | O4: =AVERAGEIF($C:$C,"SMB",G:G) -> 2.3676828e-05 | P4: =AVERAGEIF($C:$C,"SMB",H:H) -> 0.0011441059 | Q4: =AVERAGEIF($C:$C,"SMB",I:I) -> 0.0011327588
C5: HML | D5: 0.00041143457 | E5: -0.00028185888 | F5: 0.00012490928 | G5: 0.00022064589 | H5: -0.00022213797 | I5: -0.0010461204 | K5: HML | L5: =AVERAGEIF($C:$C,"HML",D:D) -> 0.001817607 | M5: =AVERAGEIF($C:$C,"HML",E:E) -> 0.00076631546 | N5: =AVERAGEIF($C:$C,"HML",F:F) -> 0.0011630564 | O5: =AVERAGEIF($C:$C,"HML",G:G) -> 0.0017252982 | P5: =AVERAGEIF($C:$C,"HML",H:H) -> 0.0022428876 | Q5: =AVERAGEIF($C:$C,"HML",I:I) -> 0.00086398412
A6: 07/31/2024 | B6: 1 | C6: Mrkt-RF | D6: {=TRANSPOSE(INDEX(LINEST(OFFSET('Stock Prices'!L$4,$B6,0):OFFSET('Stock Prices'!L$784,$B6,0),OFFSET('Stock Prices'!$H$4,$B6,0):OFFSET('Stock Prices'!$J$784,$B6,0)),{1,2,3}))} -> 1.192984e-07 | E6: {=TRANSPOSE(INDEX(LINEST(OFFSET('Stock Prices'!M$4,$B6,0):OFFSET('Stock Prices'!M$784,$B6,0),OFFSET('Stock Prices'!$H$4,$B6,0):OFFSET('Stock Prices'!$J$784,$B6,0)),{1,2,3}))} -> 0.00039798819 | F6: {=TRANSPOSE(INDEX(LINEST(OFFSET('Stock Prices'!N$4,$B6,0):OFFSET('Stock Prices'!N$784,$B6,0),OFFSET('Stock Prices'!$H$4,$B6,0):OFFSET('Stock Prices'!$J$784,$B6,0)),{1,2,3}))} -> 0.001016688 | G6: {=TRANSPOSE(INDEX(LINEST(OFFSET('Stock Prices'!O$4,$B6,0):OFFSET('Stock Prices'!O$784,$B6,0),OFFSET('Stock Prices'!$H$4,$B6,0):OFFSET('Stock Prices'!$J$784,$B6,0)),{1,2,3}))} -> 0.00014628852 | H6: {=TRANSPOSE(INDEX(LINEST(OFFSET('Stock Prices'!P$4,$B6,0):OFFSET('Stock Prices'!P$784,$B6,0),OFFSET('Stock Prices'!$H$4,$B6,0):OFFSET('Stock Prices'!$J$784,$B6,0)),{1,2,3}))} -> 1.7345861e-05 | I6: {=TRANSPOSE(INDEX(LINEST(OFFSET('Stock Prices'!Q$4,$B6,0):OFFSET('Stock Prices'!Q$784,$B6,0),OFFSET('Stock Prices'!$H$4,$B6,0):OFFSET('Stock Prices'!$J$784,$B6,0)),{1,2,3}))} -> 0.00058687631
C7: SMB | D7: 0.0015642738 | E7: 0.00067208359 | F7: 0.0014362856 | G7: 0.0015918693 | H7: 0.0013006235 | I7: 0.0005176201
C8: HML | D8: 0.00043976365 | E8: -0.00025145983 | F8: 0.00017238522 | G8: 0.00026966336 | H8: -3.226006e-05 | I8: -0.0010402626
A9: 07/30/2024 | B9: 2 | C9: Mrkt-RF | D9: {=TRANSPOSE(INDEX(LINEST(OFFSET('Stock Prices'!L$4,$B9,0):OFFSET('Stock Prices'!L$784,$B9,0),OFFSET('Stock Prices'!$H$4,$B9,0):OFFSET('Stock Prices'!$J$784,$B9,0)),{1,2,3}))} -> 1.8514789e-05 | E9: {=TRANSPOSE(INDEX(LINEST(OFFSET('Stock Prices'!M$4,$B9,0):OFFSET('Stock Prices'!M$784,$B9,0),OFFSET('Stock Prices'!$H$4,$B9,0):OFFSET('Stock Prices'!$J$784,$B9,0)),{1,2,3}))} -> 0.00041664669 | F9: {=TRANSPOSE(INDEX(LINEST(OFFSET('Stock Prices'!N$4,$B9,0):OFFSET('Stock Prices'!N$784,$B9,0),OFFSET('Stock Prices'!$H$4,$B9,0):OFFSET('Stock Prices'!$J$784,$B9,0)),{1,2,3}))} -> 0.0010311432 | G9: {=TRANSPOSE(INDEX(LINEST(OFFSET('Stock Prices'!O$4,$B9,0):OFFSET('Stock Prices'!O$784,$B9,0),OFFSET('Stock Prices'!$H$4,$B9,0):OFFSET('Stock Prices'!$J$784,$B9,0)),{1,2,3}))} -> 0.00013607558 | H9: {=TRANSPOSE(INDEX(LINEST(OFFSET('Stock Prices'!P$4,$B9,0):OFFSET('Stock Prices'!P$784,$B9,0),OFFSET('Stock Prices'!$H$4,$B9,0):OFFSET('Stock Prices'!$J$784,$B9,0)),{1,2,3}))} -> 2.8277169e-05 | I9: {=TRANSPOSE(INDEX(LINEST(OFFSET('Stock Prices'!Q$4,$B9,0):OFFSET('Stock Prices'!Q$784,$B9,0),OFFSET('Stock Prices'!$H$4,$B9,0):OFFSET('Stock Prices'!$J$784,$B9,0)),{1,2,3}))} -> 0.00059524548
C10: SMB | D10: 0.0016151637 | E10: 0.00071219905 | F10: 0.0014737954 | G10: 0.0015251424 | H10: 0.0013188405 | I10: 0.00052442528
C11: HML | D11: 0.00041033355 | E11: -0.00027803674 | F11: 0.00014996477 | G11: 0.00029695382 | H11: -4.6326093e-05 | I11: -0.0010489988
A12: 07/29/2024 | B12: 3 | C12: Mrkt-RF | D12: {=TRANSPOSE(INDEX(LINEST(OFFSET('Stock Prices'!L$4,$B12,0):OFFSET('Stock Prices'!L$784,$B12,0),OFFSET('Stock Prices'!$H$4,$B12,0):OFFSET('Stock Prices'!$J$784,$B12,0)),{1,2,3}))} -> -9.0398223e-05 | E12: {=TRANSPOSE(INDEX(LINEST(OFFSET('Stock Prices'!M$4,$B12,0):OFFSET('Stock Prices'!M$784,$B12,0),OFFSET('Stock Prices'!$H$4,$B12,0):OFFSET('Stock Prices'!$J$784,$B12,0)),{1,2,3}))} -> 0.00042675951 | F12: {=TRANSPOSE(INDEX(LINEST(OFFSET('Stock Prices'!N$4,$B12,0):OFFSET('Stock Prices'!N$784,$B12,0),OFFSET('Stock Prices'!$H$4,$B12,0):OFFSET('Stock Prices'!$J$784,$B12,0)),{1,2,3}))} -> 0.0011235778 | G12: {=TRANSPOSE(INDEX(LINEST(OFFSET('Stock Prices'!O$4,$B12,0):OFFSET('Stock Prices'!O$784,$B12,0),OFFSET('Stock Prices'!$H$4,$B12,0):OFFSET('Stock Prices'!$J$784,$B12,0)),{1,2,3}))} -> 0.00011004737 | H12: {=TRANSPOSE(INDEX(LINEST(OFFSET('Stock Prices'!P$4,$B12,0):OFFSET('Stock Prices'!P$784,$B12,0),OFFSET('Stock Prices'!$H$4,$B12,0):OFFSET('Stock Prices'!$J$784,$B12,0)),{1,2,3}))} -> -8.5721015e-06 | I12: {=TRANSPOSE(INDEX(LINEST(OFFSET('Stock Prices'!Q$4,$B12,0):OFFSET('Stock Prices'!Q$784,$B12,0),OFFSET('Stock Prices'!$H$4,$B12,0):OFFSET('Stock Prices'!$J$784,$B12,0)),{1,2,3}))} -> 0.00058917446
C13: SMB | D13: 0.001538009 | E13: 0.0007167717 | F13: 0.0015393448 | G13: 0.0015078219 | H13: 0.0012974157 | I13: 0.00053239899
C14: HML | D14: 0.00034249115 | E14: -0.0002654367 | F14: 0.000207377 | G14: 0.00027802226 | H14: -8.0657734e-05 | I14: -0.0010826253
A15: 07/26/2024 | B15: 4 | C15: Mrkt-RF | D15: {=TRANSPOSE(INDEX(LINEST(OFFSET('Stock Prices'!L$4,$B15,0):OFFSET('Stock Prices'!L$784,$B15,0),OFFSET('Stock Prices'!$H$4,$B15,0):OFFSET('Stock Prices'!$J$784,$B15,0)),{1,2,3}))} -> -0.00011012138 | E15: {=TRANSPOSE(INDEX(LINEST(OFFSET('Stock Prices'!M$4,$B15,0):OFFSET('Stock Prices'!M$784,$B15,0),OFFSET('Stock Prices'!$H$4,$B15,0):OFFSET('Stock Prices'!$J$784,$B15,0)),{1,2,3}))} -> 0.00044194987 | F15: {=TRANSPOSE(INDEX(LINEST(OFFSET('Stock Prices'!N$4,$B15,0):OFFSET('Stock Prices'!N$784,$B15,0),OFFSET('Stock Prices'!$H$4,$B15,0):OFFSET('Stock Prices'!$J$784,$B15,0)),{1,2,3}))} -> 0.0011051192 | G15: {=TRANSPOSE(INDEX(LINEST(OFFSET('Stock Prices'!O$4,$B15,0):OFFSET('Stock Prices'!O$784,$B15,0),OFFSET('Stock Prices'!$H$4,$B15,0):OFFSET('Stock Prices'!$J$784,$B15,0)),{1,2,3}))} -> 6.5801713e-05 | H15: {=TRANSPOSE(INDEX(LINEST(OFFSET('Stock Prices'!P$4,$B15,0):OFFSET('Stock Prices'!P$784,$B15,0),OFFSET('Stock Prices'!$H$4,$B15,0):OFFSET('Stock Prices'!$J$784,$B15,0)),{1,2,3}))} -> 6.8894189e-06 | I15: {=TRANSPOSE(INDEX(LINEST(OFFSET('Stock Prices'!Q$4,$B15,0):OFFSET('Stock Prices'!Q$784,$B15,0),OFFSET('Stock Prices'!$H$4,$B15,0):OFFSET('Stock Prices'!$J$784,$B15,0)),{1,2,3}))} -> 0.00058043366
C16: SMB | D16: 0.0015089158 | E16: 0.00078853801 | F16: 0.0015950785 | G16: 0.0015110029 | H16: 0.0013623482 | I16: 0.00049057246
C17: HML | D17: 0.00033240346 | E17: -0.00026609317 | F17: 0.0001837743 | G17: 0.00024370812 | H17: -7.9940674e-05 | I17: -0.001082157
A18: 07/25/2024 | B18: 5 | C18: Mrkt-RF | D18: {=TRANSPOSE(INDEX(LINEST(OFFSET('Stock Prices'!L$4,$B18,0):OFFSET('Stock Prices'!L$784,$B18,0),OFFSET('Stock Prices'!$H$4,$B18,0):OFFSET('Stock Prices'!$J$784,$B18,0)),{1,2,3}))} -> -5.8725276e-06 | E18: {=TRANSPOSE(INDEX(LINEST(OFFSET('Stock Prices'!M$4,$B18,0):OFFSET('Stock Prices'!M$784,$B18,0),OFFSET('Stock Prices'!$H$4,$B18,0):OFFSET('Stock Prices'!$J$784,$B18,0)),{1,2,3}))} -> 0.00042339586 | F18: {=TRANSPOSE(INDEX(LINEST(OFFSET('Stock Prices'!N$4,$B18,0):OFFSET('Stock Prices'!N$784,$B18,0),OFFSET('Stock Prices'!$H$4,$B18,0):OFFSET('Stock Prices'!$J$784,$B18,0)),{1,2,3}))} -> 0.0011111839 | G18: {=TRANSPOSE(INDEX(LINEST(OFFSET('Stock Prices'!O$4,$B18,0):OFFSET('Stock Prices'!O$784,$B18,0),OFFSET('Stock Prices'!$H$4,$B18,0):OFFSET('Stock Prices'!$J$784,$B18,0)),{1,2,3}))} -> 7.6446167e-05 | H18: {=TRANSPOSE(INDEX(LINEST(OFFSET('Stock Prices'!P$4,$B18,0):OFFSET('Stock Prices'!P$784,$B18,0),OFFSET('Stock Prices'!$H$4,$B18,0):OFFSET('Stock Prices'!$J$784,$B18,0)),{1,2,3}))} -> -3.5761056e-06 | I18: {=TRANSPOSE(INDEX(LINEST(OFFSET('Stock Prices'!Q$4,$B18,0):OFFSET('Stock Prices'!Q$784,$B18,0),OFFSET('Stock Prices'!$H$4,$B18,0):OFFSET('Stock Prices'!$J$784,$B18,0)),{1,2,3}))} -> 0.00051983023
C19: SMB | D19: 0.0015790359 | E19: 0.00073324492 | F19: 0.0015669767 | G19: 0.0015212645 | H19: 0.0013474317 | I19: 0.00046257451
C20: HML | D20: 0.0003813663 | E20: -0.00030586537 | F20: 0.00016327777 | G20: 0.00025095778 | H20: -9.0570342e-05 | I20: -0.0011013605
A21: 07/24/2024 | B21: 6 | C21: Mrkt-RF | D21: {=TRANSPOSE(INDEX(LINEST(OFFSET('Stock Prices'!L$4,$B21,0):OFFSET('Stock Prices'!L$784,$B21,0),OFFSET('Stock Prices'!$H$4,$B21,0):OFFSET('Stock Prices'!$J$784,$B21,0)),{1,2,3}))} -> -5.9468984e-06 | E21: {=TRANSPOSE(INDEX(LINEST(OFFSET('Stock Prices'!M$4,$B21,0):OFFSET('Stock Prices'!M$784,$B21,0),OFFSET('Stock Prices'!$H$4,$B21,0):OFFSET('Stock Prices'!$J$784,$B21,0)),{1,2,3}))} -> 0.00042175445 | F21: {=TRANSPOSE(INDEX(LINEST(OFFSET('Stock Prices'!N$4,$B21,0):OFFSET('Stock Prices'!N$784,$B21,0),OFFSET('Stock Prices'!$H$4,$B21,0):OFFSET('Stock Prices'!$J$784,$B21,0)),{1,2,3}))} -> 0.0011192138 | G21: {=TRANSPOSE(INDEX(LINEST(OFFSET('Stock Prices'!O$4,$B21,0):OFFSET('Stock Prices'!O$784,$B21,0),OFFSET('Stock Prices'!$H$4,$B21,0):OFFSET('Stock Prices'!$J$784,$B21,0)),{1,2,3}))} -> 7.6042236e-05 | H21: {=TRANSPOSE(INDEX(LINEST(OFFSET('Stock Prices'!P$4,$B21,0):OFFSET('Stock Prices'!P$784,$B21,0),OFFSET('Stock Prices'!$H$4,$B21,0):OFFSET('Stock Prices'!$J$784,$B21,0)),{1,2,3}))} -> 3.4497079e-06 | I21: {=TRANSPOSE(INDEX(LINEST(OFFSET('Stock Prices'!Q$4,$B21,0):OFFSET('Stock Prices'!Q$784,$B21,0),OFFSET('Stock Prices'!$H$4,$B21,0):OFFSET('Stock Prices'!$J$784,$B21,0)),{1,2,3}))} -> 0.00054023454
C22: SMB | D22: 0.0016729161 | E22: 0.00073062485 | F22: 0.0020044302 | G22: 0.0015444684 | H22: 0.0014350662 | I22: 0.0012897106
C23: HML | D23: 0.00035978024 | E23: -0.00030841764 | F23: 7.8771954e-05 | G23: 0.00024488239 | H23: -9.7100857e-05 | I23: -0.0012511211
A24: 07/23/2024 | B24: 7 | C24: Mrkt-RF | D24: {=TRANSPOSE(INDEX(LINEST(OFFSET('Stock Prices'!L$4,$B24,0):OFFSET('Stock Prices'!L$784,$B24,0),OFFSET('Stock Prices'!$H$4,$B24,0):OFFSET('Stock Prices'!$J$784,$B24,0)),{1,2,3}))} -> 3.9818974e-05 | E24: {=TRANSPOSE(INDEX(LINEST(OFFSET('Stock Prices'!M$4,$B24,0):OFFSET('Stock Prices'!M$784,$B24,0),OFFSET('Stock Prices'!$H$4,$B24,0):OFFSET('Stock Prices'!$J$784,$B24,0)),{1,2,3}))} -> 0.00044661141 | F24: {=TRANSPOSE(INDEX(LINEST(OFFSET('Stock Prices'!N$4,$B24,0):OFFSET('Stock Prices'!N$784,$B24,0),OFFSET('Stock Prices'!$H$4,$B24,0):OFFSET('Stock Prices'!$J$784,$B24,0)),{1,2,3}))} -> 0.0012107088 | G24: {=TRANSPOSE(INDEX(LINEST(OFFSET('Stock Prices'!O$4,$B24,0):OFFSET('Stock Prices'!O$784,$B24,0),OFFSET('Stock Prices'!$H$4,$B24,0):OFFSET('Stock Prices'!$J$784,$B24,0)),{1,2,3}))} -> 0.00013870574 | H24: {=TRANSPOSE(INDEX(LINEST(OFFSET('Stock Prices'!P$4,$B24,0):OFFSET('Stock Prices'!P$784,$B24,0),OFFSET('Stock Prices'!$H$4,$B24,0):OFFSET('Stock Prices'!$J$784,$B24,0)),{1,2,3}))} -> 6.8468011e-05 | I24: {=TRANSPOSE(INDEX(LINEST(OFFSET('Stock Prices'!Q$4,$B24,0):OFFSET('Stock Prices'!Q$784,$B24,0),OFFSET('Stock Prices'!$H$4,$B24,0):OFFSET('Stock Prices'!$J$784,$B24,0)),{1,2,3}))} -> 0.00057953487
C25: SMB | D25: 0.0016825733 | E25: 0.00073910992 | F25: 0.0020322464 | G25: 0.0015662248 | H25: 0.0014571676 | I25: 0.0013019382
C26: HML | D26: 0.00035131539 | E26: -0.00033290282 | F26: 9.6148357e-06 | G26: 0.00018091045 | H26: -0.00016057584 | I26: -0.0012825429
A27: 07/22/2024 | B27: 8 | C27: Mrkt-RF | D27: {=TRANSPOSE(INDEX(LINEST(OFFSET('Stock Prices'!L$4,$B27,0):OFFSET('Stock Prices'!L$784,$B27,0),OFFSET('Stock Prices'!$H$4,$B27,0):OFFSET('Stock Prices'!$J$784,$B27,0)),{1,2,3}))} -> 8.5847628e-05 | E27: {=TRANSPOSE(INDEX(LINEST(OFFSET('Stock Prices'!M$4,$B27,0):OFFSET('Stock Prices'!M$784,$B27,0),OFFSET('Stock Prices'!$H$4,$B27,0):OFFSET('Stock Prices'!$J$784,$B27,0)),{1,2,3}))} -> 0.00041078217 | F27: {=TRANSPOSE(INDEX(LINEST(OFFSET('Stock Prices'!N$4,$B27,0):OFFSET('Stock Prices'!N$784,$B27,0),OFFSET('Stock Prices'!$H$4,$B27,0):OFFSET('Stock Prices'!$J$784,$B27,0)),{1,2,3}))} -> 0.0011746402 | G27: {=TRANSPOSE(INDEX(LINEST(OFFSET('Stock Prices'!O$4,$B27,0):OFFSET('Stock Prices'!O$784,$B27,0),OFFSET('Stock Prices'!$H$4,$B27,0):OFFSET('Stock Prices'!$J$784,$B27,0)),{1,2,3}))} -> 0.00014523184 | H27: {=TRANSPOSE(INDEX(LINEST(OFFSET('Stock Prices'!P$4,$B27,0):OFFSET('Stock Prices'!P$784,$B27,0),OFFSET('Stock Prices'!$H$4,$B27,0):OFFSET('Stock Prices'!$J$784,$B27,0)),{1,2,3}))} -> 0.00011054477 | I27: {=TRANSPOSE(INDEX(LINEST(OFFSET('Stock Prices'!Q$4,$B27,0):OFFSET('Stock Prices'!Q$784,$B27,0),OFFSET('Stock Prices'!$H$4,$B27,0):OFFSET('Stock Prices'!$J$784,$B27,0)),{1,2,3}))} -> 0.000613953
C28: SMB | D28: 0.0016463207 | E28: 0.00081996165 | F28: 0.002069777 | G28: 0.0015536171 | H28: 0.0014891595 | I28: 0.0014089646
C29: HML | D29: 0.00036978463 | E29: -0.00035596857 | F29: -6.3639384e-06 | G29: 0.00018476193 | H29: -0.00015444497 | I29: -0.0012908767
A30: 07/19/2024 | B30: 9 | C30: Mrkt-RF | D30: {=TRANSPOSE(INDEX(LINEST(OFFSET('Stock Prices'!L$4,$B30,0):OFFSET('Stock Prices'!L$784,$B30,0),OFFSET('Stock Prices'!$H$4,$B30,0):OFFSET('Stock Prices'!$J$784,$B30,0)),{1,2,3}))} -> 8.8106431e-05 | E30: {=TRANSPOSE(INDEX(LINEST(OFFSET('Stock Prices'!M$4,$B30,0):OFFSET('Stock Prices'!M$784,$B30,0),OFFSET('Stock Prices'!$H$4,$B30,0):OFFSET('Stock Prices'!$J$784,$B30,0)),{1,2,3}))} -> 0.00040294135 | F30: {=TRANSPOSE(INDEX(LINEST(OFFSET('Stock Prices'!N$4,$B30,0):OFFSET('Stock Prices'!N$784,$B30,0),OFFSET('Stock Prices'!$H$4,$B30,0):OFFSET('Stock Prices'!$J$784,$B30,0)),{1,2,3}))} -> 0.0011825476 | G30: {=TRANSPOSE(INDEX(LINEST(OFFSET('Stock Prices'!O$4,$B30,0):OFFSET('Stock Prices'!O$784,$B30,0),OFFSET('Stock Prices'!$H$4,$B30,0):OFFSET('Stock Prices'!$J$784,$B30,0)),{1,2,3}))} -> 0.00013931293 | H30: {=TRANSPOSE(INDEX(LINEST(OFFSET('Stock Prices'!P$4,$B30,0):OFFSET('Stock Prices'!P$784,$B30,0),OFFSET('Stock Prices'!$H$4,$B30,0):OFFSET('Stock Prices'!$J$784,$B30,0)),{1,2,3}))} -> 8.8463606e-05 | I30: {=TRANSPOSE(INDEX(LINEST(OFFSET('Stock Prices'!Q$4,$B30,0):OFFSET('Stock Prices'!Q$784,$B30,0),OFFSET('Stock Prices'!$H$4,$B30,0):OFFSET('Stock Prices'!$J$784,$B30,0)),{1,2,3}))} -> 0.00061893897
C31: SMB | D31: 0.001669092 | E31: 0.00083087916 | F31: 0.0020243091 | G31: 0.0015181327 | H31: 0.0015068082 | I31: 0.0013758341
C32: HML | D32: 0.00037047366 | E32: -0.00034681412 | F32: -2.0018657e-05 | G32: 0.00018606045 | H32: -0.00013034535 | I32: -0.0013000591
A33: 07/18/2024 | B33: 10 | C33: Mrkt-RF | D33: {=TRANSPOSE(INDEX(LINEST(OFFSET('Stock Prices'!L$4,$B33,0):OFFSET('Stock Prices'!L$784,$B33,0),OFFSET('Stock Prices'!$H$4,$B33,0):OFFSET('Stock Prices'!$J$784,$B33,0)),{1,2,3}))} -> 7.7837064e-05 | E33: {=TRANSPOSE(INDEX(LINEST(OFFSET('Stock Prices'!M$4,$B33,0):OFFSET('Stock Prices'!M$784,$B33,0),OFFSET('Stock Prices'!$H$4,$B33,0):OFFSET('Stock Prices'!$J$784,$B33,0)),{1,2,3}))} -> 0.00041751926 | F33: {=TRANSPOSE(INDEX(LINEST(OFFSET('Stock Prices'!N$4,$B33,0):OFFSET('Stock Prices'!N$784,$B33,0),OFFSET('Stock Prices'!$H$4,$B33,0):OFFSET('Stock Prices'!$J$784,$B33,0)),{1,2,3}))} -> 0.0011627761 | G33: {=TRANSPOSE(INDEX(LINEST(OFFSET('Stock Prices'!O$4,$B33,0):OFFSET('Stock Prices'!O$784,$B33,0),OFFSET('Stock Prices'!$H$4,$B33,0):OFFSET('Stock Prices'!$J$784,$B33,0)),{1,2,3}))} -> 3.1632058e-05 | H33: {=TRANSPOSE(INDEX(LINEST(OFFSET('Stock Prices'!P$4,$B33,0):OFFSET('Stock Prices'!P$784,$B33,0),OFFSET('Stock Prices'!$H$4,$B33,0):OFFSET('Stock Prices'!$J$784,$B33,0)),{1,2,3}))} -> 4.1459908e-05 | I33: {=TRANSPOSE(INDEX(LINEST(OFFSET('Stock Prices'!Q$4,$B33,0):OFFSET('Stock Prices'!Q$784,$B33,0),OFFSET('Stock Prices'!$H$4,$B33,0):OFFSET('Stock Prices'!$J$784,$B33,0)),{1,2,3}))} -> 0.00062197544
C34: SMB | D34: 0.0016698235 | E34: 0.0008502289 | F34: 0.0020276839 | G34: 0.0013765099 | H34: 0.0014501175 | I34: 0.0014413886
C35: HML | D35: 0.00036195136 | E35: -0.00034828539 | F35: -3.77354e-05 | G35: 0.00019605921 | H35: -0.00012939435 | I35: -0.0013413126
A36: 07/17/2024 | B36: 11 | C36: Mrkt-RF | D36: {=TRANSPOSE(INDEX(LINEST(OFFSET('Stock Prices'!L$4,$B36,0):OFFSET('Stock Prices'!L$784,$B36,0),OFFSET('Stock Prices'!$H$4,$B36,0):OFFSET('Stock Prices'!$J$784,$B36,0)),{1,2,3}))} -> 7.3481458e-05 | E36: {=TRANSPOSE(INDEX(LINEST(OFFSET('Stock Prices'!M$4,$B36,0):OFFSET('Stock Prices'!M$784,$B36,0),OFFSET('Stock Prices'!$H$4,$B36,0):OFFSET('Stock Prices'!$J$784,$B36,0)),{1,2,3}))} -> 0.00041793978 | F36: {=TRANSPOSE(INDEX(LINEST(OFFSET('Stock Prices'!N$4,$B36,0):OFFSET('Stock Prices'!N$784,$B36,0),OFFSET('Stock Prices'!$H$4,$B36,0):OFFSET('Stock Prices'!$J$784,$B36,0)),{1,2,3}))} -> 0.0011511027 | G36: {=TRANSPOSE(INDEX(LINEST(OFFSET('Stock Prices'!O$4,$B36,0):OFFSET('Stock Prices'!O$784,$B36,0),OFFSET('Stock Prices'!$H$4,$B36,0):OFFSET('Stock Prices'!$J$784,$B36,0)),{1,2,3}))} -> 2.7369304e-05 | H36: {=TRANSPOSE(INDEX(LINEST(OFFSET('Stock Prices'!P$4,$B36,0):OFFSET('Stock Prices'!P$784,$B36,0),OFFSET('Stock Prices'!$H$4,$B36,0):OFFSET('Stock Prices'!$J$784,$B36,0)),{1,2,3}))} -> 2.0111126e-05 | I36: {=TRANSPOSE(INDEX(LINEST(OFFSET('Stock Prices'!Q$4,$B36,0):OFFSET('Stock Prices'!Q$784,$B36,0),OFFSET('Stock Prices'!$H$4,$B36,0):OFFSET('Stock Prices'!$J$784,$B36,0)),{1,2,3}))} -> 0.0006291703
C37: SMB | D37: 0.0016234889 | E37: 0.00082385289 | F37: 0.0019606322 | G37: 0.0013063315 | H37: 0.0013932628 | I37: 0.0014573723
C38: HML | D38: 0.00034887466 | E38: -0.00035462028 | F38: -5.8712788e-05 | G38: 0.00017714591 | H38: -0.0001515607 | I38: -0.0013346247
A39: 07/16/2024 | B39: 12 | C39: Mrkt-RF | D39: {=TRANSPOSE(INDEX(LINEST(OFFSET('Stock Prices'!L$4,$B39,0):OFFSET('Stock Prices'!L$784,$B39,0),OFFSET('Stock Prices'!$H$4,$B39,0):OFFSET('Stock Prices'!$J$784,$B39,0)),{1,2,3}))} -> 8.9323296e-05 | E39: {=TRANSPOSE(INDEX(LINEST(OFFSET('Stock Prices'!M$4,$B39,0):OFFSET('Stock Prices'!M$784,$B39,0),OFFSET('Stock Prices'!$H$4,$B39,0):OFFSET('Stock Prices'!$J$784,$B39,0)),{1,2,3}))} -> 0.00034141219 | F39: {=TRANSPOSE(INDEX(LINEST(OFFSET('Stock Prices'!N$4,$B39,0):OFFSET('Stock Prices'!N$784,$B39,0),OFFSET('Stock Prices'!$H$4,$B39,0):OFFSET('Stock Prices'!$J$784,$B39,0)),{1,2,3}))} -> 0.0011183636 | G39: {=TRANSPOSE(INDEX(LINEST(OFFSET('Stock Prices'!O$4,$B39,0):OFFSET('Stock Prices'!O$784,$B39,0),OFFSET('Stock Prices'!$H$4,$B39,0):OFFSET('Stock Prices'!$J$784,$B39,0)),{1,2,3}))} -> 0.00011890468 | H39: {=TRANSPOSE(INDEX(LINEST(OFFSET('Stock Prices'!P$4,$B39,0):OFFSET('Stock Prices'!P$784,$B39,0),OFFSET('Stock Prices'!$H$4,$B39,0):OFFSET('Stock Prices'!$J$784,$B39,0)),{1,2,3}))} -> 5.7321478e-05 | I39: {=TRANSPOSE(INDEX(LINEST(OFFSET('Stock Prices'!Q$4,$B39,0):OFFSET('Stock Prices'!Q$784,$B39,0),OFFSET('Stock Prices'!$H$4,$B39,0):OFFSET('Stock Prices'!$J$784,$B39,0)),{1,2,3}))} -> 0.00062675988
C40: SMB | D40: 0.0016369013 | E40: 0.00083199675 | F40: 0.0020789077 | G40: 0.0013526433 | H40: 0.0014191938 | I40: 0.0014469439
C41: HML | D41: 0.00034263249 | E41: -0.0003414726 | F41: -7.9854398e-05 | G41: 0.00014834986 | H41: -0.00016492328 | I41: -0.0013317191
A42: 07/15/2024 | B42: 13 | C42: Mrkt-RF | D42: {=TRANSPOSE(INDEX(LINEST(OFFSET('Stock Prices'!L$4,$B42,0):OFFSET('Stock Prices'!L$784,$B42,0),OFFSET('Stock Prices'!$H$4,$B42,0):OFFSET('Stock Prices'!$J$784,$B42,0)),{1,2,3}))} -> 0.0001006109 | E42: {=TRANSPOSE(INDEX(LINEST(OFFSET('Stock Prices'!M$4,$B42,0):OFFSET('Stock Prices'!M$784,$B42,0),OFFSET('Stock Prices'!$H$4,$B42,0):OFFSET('Stock Prices'!$J$784,$B42,0)),{1,2,3}))} -> 0.00033224671 | F42: {=TRANSPOSE(INDEX(LINEST(OFFSET('Stock Prices'!N$4,$B42,0):OFFSET('Stock Prices'!N$784,$B42,0),OFFSET('Stock Prices'!$H$4,$B42,0):OFFSET('Stock Prices'!$J$784,$B42,0)),{1,2,3}))} -> 0.0011148829 | G42: {=TRANSPOSE(INDEX(LINEST(OFFSET('Stock Prices'!O$4,$B42,0):OFFSET('Stock Prices'!O$784,$B42,0),OFFSET('Stock Prices'!$H$4,$B42,0):OFFSET('Stock Prices'!$J$784,$B42,0)),{1,2,3}))} -> 0.00010718166 | H42: {=TRANSPOSE(INDEX(LINEST(OFFSET('Stock Prices'!P$4,$B42,0):OFFSET('Stock Prices'!P$784,$B42,0),OFFSET('Stock Prices'!$H$4,$B42,0):OFFSET('Stock Prices'!$J$784,$B42,0)),{1,2,3}))} -> 8.0782451e-05 | I42: {=TRANSPOSE(INDEX(LINEST(OFFSET('Stock Prices'!Q$4,$B42,0):OFFSET('Stock Prices'!Q$784,$B42,0),OFFSET('Stock Prices'!$H$4,$B42,0):OFFSET('Stock Prices'!$J$784,$B42,0)),{1,2,3}))} -> 0.00047244713
C43: SMB | D43: 0.0013424336 | E43: 0.00070427564 | F43: 0.0018827119 | G43: 0.0011142728 | H43: 0.00128175 | I43: 0.0016842658
C44: HML | D44: 0.00035872686 | E44: -0.00034052921 | F44: -7.3854634e-05 | G44: 0.0001524217 | H44: -0.00014960015 | I44: -0.0014070393
A45: 07/12/2024 | B45: 14 | C45: Mrkt-RF | D45: {=TRANSPOSE(INDEX(LINEST(OFFSET('Stock Prices'!L$4,$B45,0):OFFSET('Stock Prices'!L$784,$B45,0),OFFSET('Stock Prices'!$H$4,$B45,0):OFFSET('Stock Prices'!$J$784,$B45,0)),{1,2,3}))} -> 9.9209347e-05 | E45: {=TRANSPOSE(INDEX(LINEST(OFFSET('Stock Prices'!M$4,$B45,0):OFFSET('Stock Prices'!M$784,$B45,0),OFFSET('Stock Prices'!$H$4,$B45,0):OFFSET('Stock Prices'!$J$784,$B45,0)),{1,2,3}))} -> 0.00032518825 | F45: {=TRANSPOSE(INDEX(LINEST(OFFSET('Stock Prices'!N$4,$B45,0):OFFSET('Stock Prices'!N$784,$B45,0),OFFSET('Stock Prices'!$H$4,$B45,0):OFFSET('Stock Prices'!$J$784,$B45,0)),{1,2,3}))} -> 0.0011246304 | G45: {=TRANSPOSE(INDEX(LINEST(OFFSET('Stock Prices'!O$4,$B45,0):OFFSET('Stock Prices'!O$784,$B45,0),OFFSET('Stock Prices'!$H$4,$B45,0):OFFSET('Stock Prices'!$J$784,$B45,0)),{1,2,3}))} -> 0.00010639051 | H45: {=TRANSPOSE(INDEX(LINEST(OFFSET('Stock Prices'!P$4,$B45,0):OFFSET('Stock Prices'!P$784,$B45,0),OFFSET('Stock Prices'!$H$4,$B45,0):OFFSET('Stock Prices'!$J$784,$B45,0)),{1,2,3}))} -> 8.3699598e-05 | I45: {=TRANSPOSE(INDEX(LINEST(OFFSET('Stock Prices'!Q$4,$B45,0):OFFSET('Stock Prices'!Q$784,$B45,0),OFFSET('Stock Prices'!$H$4,$B45,0):OFFSET('Stock Prices'!$J$784,$B45,0)),{1,2,3}))} -> 0.00045874349
C46: SMB | D46: 0.0013375789 | E46: 0.00066004395 | F46: 0.0019534299 | G46: 0.0010917887 | H46: 0.0012901103 | I46: 0.0016324258
C47: HML | D47: 0.00035956129 | E47: -0.00034560683 | F47: -6.2322612e-05 | G47: 0.000143631 | H47: -0.00015215508 | I47: -0.0014009322
A48: 07/11/2024 | B48: 15 | C48: Mrkt-RF | D48: {=TRANSPOSE(INDEX(LINEST(OFFSET('Stock Prices'!L$4,$B48,0):OFFSET('Stock Prices'!L$784,$B48,0),OFFSET('Stock Prices'!$H$4,$B48,0):OFFSET('Stock Prices'!$J$784,$B48,0)),{1,2,3}))} -> 9.4129378e-05 | E48: {=TRANSPOSE(INDEX(LINEST(OFFSET('Stock Prices'!M$4,$B48,0):OFFSET('Stock Prices'!M$784,$B48,0),OFFSET('Stock Prices'!$H$4,$B48,0):OFFSET('Stock Prices'!$J$784,$B48,0)),{1,2,3}))} -> 0.00032942117 | F48: {=TRANSPOSE(INDEX(LINEST(OFFSET('Stock Prices'!N$4,$B48,0):OFFSET('Stock Prices'!N$784,$B48,0),OFFSET('Stock Prices'!$H$4,$B48,0):OFFSET('Stock Prices'!$J$784,$B48,0)),{1,2,3}))} -> 0.0011146368 | G48: {=TRANSPOSE(INDEX(LINEST(OFFSET('Stock Prices'!O$4,$B48,0):OFFSET('Stock Prices'!O$784,$B48,0),OFFSET('Stock Prices'!$H$4,$B48,0):OFFSET('Stock Prices'!$J$784,$B48,0)),{1,2,3}))} -> 0.00013787188 | H48: {=TRANSPOSE(INDEX(LINEST(OFFSET('Stock Prices'!P$4,$B48,0):OFFSET('Stock Prices'!P$784,$B48,0),OFFSET('Stock Prices'!$H$4,$B48,0):OFFSET('Stock Prices'!$J$784,$B48,0)),{1,2,3}))} -> 9.8699414e-05 | I48: {=TRANSPOSE(INDEX(LINEST(OFFSET('Stock Prices'!Q$4,$B48,0):OFFSET('Stock Prices'!Q$784,$B48,0),OFFSET('Stock Prices'!$H$4,$B48,0):OFFSET('Stock Prices'!$J$784,$B48,0)),{1,2,3}))} -> 0.00050662917
C49: SMB | D49: 0.0013595043 | E49: 0.00063851745 | F49: 0.001953297 | G49: 0.0010538464 | H49: 0.0012735957 | I49: 0.0015466977
C50: HML | D50: 0.00036015928 | E50: -0.00034603856 | F50: -6.0262209e-05 | G50: 0.00013792425 | H50: -0.0001549061 | I50: -0.0014090402
A51: 07/10/2024 | B51: 16 | C51: Mrkt-RF | D51: {=TRANSPOSE(INDEX(LINEST(OFFSET('Stock Prices'!L$4,$B51,0):OFFSET('Stock Prices'!L$784,$B51,0),OFFSET('Stock Prices'!$H$4,$B51,0):OFFSET('Stock Prices'!$J$784,$B51,0)),{1,2,3}))} -> 8.4761472e-05 | E51: {=TRANSPOSE(INDEX(LINEST(OFFSET('Stock Prices'!M$4,$B51,0):OFFSET('Stock Prices'!M$784,$B51,0),OFFSET('Stock Prices'!$H$4,$B51,0):OFFSET('Stock Prices'!$J$784,$B51,0)),{1,2,3}))} -> 0.00032661657 | F51: {=TRANSPOSE(INDEX(LINEST(OFFSET('Stock Prices'!N$4,$B51,0):OFFSET('Stock Prices'!N$784,$B51,0),OFFSET('Stock Prices'!$H$4,$B51,0):OFFSET('Stock Prices'!$J$784,$B51,0)),{1,2,3}))} -> 0.0011080324 | G51: {=TRANSPOSE(INDEX(LINEST(OFFSET('Stock Prices'!O$4,$B51,0):OFFSET('Stock Prices'!O$784,$B51,0),OFFSET('Stock Prices'!$H$4,$B51,0):OFFSET('Stock Prices'!$J$784,$B51,0)),{1,2,3}))} -> 0.00013512794 | H51: {=TRANSPOSE(INDEX(LINEST(OFFSET('Stock Prices'!P$4,$B51,0):OFFSET('Stock Prices'!P$784,$B51,0),OFFSET('Stock Prices'!$H$4,$B51,0):OFFSET('Stock Prices'!$J$784,$B51,0)),{1,2,3}))} -> 6.2886736e-05 | I51: {=TRANSPOSE(INDEX(LINEST(OFFSET('Stock Prices'!Q$4,$B51,0):OFFSET('Stock Prices'!Q$784,$B51,0),OFFSET('Stock Prices'!$H$4,$B51,0):OFFSET('Stock Prices'!$J$784,$B51,0)),{1,2,3}))} -> 0.00048272189
C52: SMB | D52: 0.0013969525 | E52: 0.00057058494 | F52: 0.0020455293 | G52: 0.0010969353 | H52: 0.00081862749 | I52: 0.0013871772
C53: HML | D53: 0.00034956746 | E53: -0.00033441033 | F53: -8.0039344e-05 | G53: 0.00012881565 | H53: -8.3552415e-05 | I53: -0.0013883713
A54: 07/09/2024 | B54: 17 | C54: Mrkt-RF | D54: {=TRANSPOSE(INDEX(LINEST(OFFSET('Stock Prices'!L$4,$B54,0):OFFSET('Stock Prices'!L$784,$B54,0),OFFSET('Stock Prices'!$H$4,$B54,0):OFFSET('Stock Prices'!$J$784,$B54,0)),{1,2,3}))} -> 9.0063605e-05 | E54: {=TRANSPOSE(INDEX(LINEST(OFFSET('Stock Prices'!M$4,$B54,0):OFFSET('Stock Prices'!M$784,$B54,0),OFFSET('Stock Prices'!$H$4,$B54,0):OFFSET('Stock Prices'!$J$784,$B54,0)),{1,2,3}))} -> 0.00034122203 | F54: {=TRANSPOSE(INDEX(LINEST(OFFSET('Stock Prices'!N$4,$B54,0):OFFSET('Stock Prices'!N$784,$B54,0),OFFSET('Stock Prices'!$H$4,$B54,0):OFFSET('Stock Prices'!$J$784,$B54,0)),{1,2,3}))} -> 0.0011002916 | G54: {=TRANSPOSE(INDEX(LINEST(OFFSET('Stock Prices'!O$4,$B54,0):OFFSET('Stock Prices'!O$784,$B54,0),OFFSET('Stock Prices'!$H$4,$B54,0):OFFSET('Stock Prices'!$J$784,$B54,0)),{1,2,3}))} -> 0.0001021228 | H54: {=TRANSPOSE(INDEX(LINEST(OFFSET('Stock Prices'!P$4,$B54,0):OFFSET('Stock Prices'!P$784,$B54,0),OFFSET('Stock Prices'!$H$4,$B54,0):OFFSET('Stock Prices'!$J$784,$B54,0)),{1,2,3}))} -> 9.1294827e-05 | I54: {=TRANSPOSE(INDEX(LINEST(OFFSET('Stock Prices'!Q$4,$B54,0):OFFSET('Stock Prices'!Q$784,$B54,0),OFFSET('Stock Prices'!$H$4,$B54,0):OFFSET('Stock Prices'!$J$784,$B54,0)),{1,2,3}))} -> 0.00056624989
C55: SMB | D55: 0.0014688048 | E55: 0.00059801799 | F55: 0.0020029126 | G55: 0.0011127366 | H55: 0.00089737652 | I55: 0.001661308
C56: HML | D56: 0.00032682756 | E56: -0.0003321229 | F56: -7.0559231e-05 | G56: 9.4021e-05 | H56: -8.877266e-05 | I56: -0.0014199379
A57: 07/08/2024 | B57: 18 | C57: Mrkt-RF | D57: {=TRANSPOSE(INDEX(LINEST(OFFSET('Stock Prices'!L$4,$B57,0):OFFSET('Stock Prices'!L$784,$B57,0),OFFSET('Stock Prices'!$H$4,$B57,0):OFFSET('Stock Prices'!$J$784,$B57,0)),{1,2,3}))} -> 4.1639578e-05 | E57: {=TRANSPOSE(INDEX(LINEST(OFFSET('Stock Prices'!M$4,$B57,0):OFFSET('Stock Prices'!M$784,$B57,0),OFFSET('Stock Prices'!$H$4,$B57,0):OFFSET('Stock Prices'!$J$784,$B57,0)),{1,2,3}))} -> 0.00032773391 | F57: {=TRANSPOSE(INDEX(LINEST(OFFSET('Stock Prices'!N$4,$B57,0):OFFSET('Stock Prices'!N$784,$B57,0),OFFSET('Stock Prices'!$H$4,$B57,0):OFFSET('Stock Prices'!$J$784,$B57,0)),{1,2,3}))} -> 0.0011072352 | G57: {=TRANSPOSE(INDEX(LINEST(OFFSET('Stock Prices'!O$4,$B57,0):OFFSET('Stock Prices'!O$784,$B57,0),OFFSET('Stock Prices'!$H$4,$B57,0):OFFSET('Stock Prices'!$J$784,$B57,0)),{1,2,3}))} -> 9.6028901e-05 | H57: {=TRANSPOSE(INDEX(LINEST(OFFSET('Stock Prices'!P$4,$B57,0):OFFSET('Stock Prices'!P$784,$B57,0),OFFSET('Stock Prices'!$H$4,$B57,0):OFFSET('Stock Prices'!$J$784,$B57,0)),{1,2,3}))} -> 8.4214487e-05 | I57: {=TRANSPOSE(INDEX(LINEST(OFFSET('Stock Prices'!Q$4,$B57,0):OFFSET('Stock Prices'!Q$784,$B57,0),OFFSET('Stock Prices'!$H$4,$B57,0):OFFSET('Stock Prices'!$J$784,$B57,0)),{1,2,3}))} -> 0.00053981477
C58: SMB | D58: 0.0014970198 | E58: 0.00059028373 | F58: 0.0019625355 | G58: 0.0010963349 | H58: 0.00088698389 | I58: 0.001579935
C59: HML | D59: 0.00030968684 | E59: -0.00033483274 | F59: -6.3291112e-05 | G59: 9.4505653e-05 | H59: -8.9356691e-05 | I59: -0.001416482
A60: 07/05/2024 | B60: 19 | C60: Mrkt-RF | D60: {=TRANSPOSE(INDEX(LINEST(OFFSET('Stock Prices'!L$4,$B60,0):OFFSET('Stock Prices'!L$784,$B60,0),OFFSET('Stock Prices'!$H$4,$B60,0):OFFSET('Stock Prices'!$J$784,$B60,0)),{1,2,3}))} -> -9.1295327e-06 | E60: {=TRANSPOSE(INDEX(LINEST(OFFSET('Stock Prices'!M$4,$B60,0):OFFSET('Stock Prices'!M$784,$B60,0),OFFSET('Stock Prices'!$H$4,$B60,0):OFFSET('Stock Prices'!$J$784,$B60,0)),{1,2,3}))} -> 0.00031960015 | F60: {=TRANSPOSE(INDEX(LINEST(OFFSET('Stock Prices'!N$4,$B60,0):OFFSET('Stock Prices'!N$784,$B60,0),OFFSET('Stock Prices'!$H$4,$B60,0):OFFSET('Stock Prices'!$J$784,$B60,0)),{1,2,3}))} -> 0.0011157844 | G60: {=TRANSPOSE(INDEX(LINEST(OFFSET('Stock Prices'!O$4,$B60,0):OFFSET('Stock Prices'!O$784,$B60,0),OFFSET('Stock Prices'!$H$4,$B60,0):OFFSET('Stock Prices'!$J$784,$B60,0)),{1,2,3}))} -> 9.3068885e-05 | H60: {=TRANSPOSE(INDEX(LINEST(OFFSET('Stock Prices'!P$4,$B60,0):OFFSET('Stock Prices'!P$784,$B60,0),OFFSET('Stock Prices'!$H$4,$B60,0):OFFSET('Stock Prices'!$J$784,$B60,0)),{1,2,3}))} -> 0.00010421567 | I60: {=TRANSPOSE(INDEX(LINEST(OFFSET('Stock Prices'!Q$4,$B60,0):OFFSET('Stock Prices'!Q$784,$B60,0),OFFSET('Stock Prices'!$H$4,$B60,0):OFFSET('Stock Prices'!$J$784,$B60,0)),{1,2,3}))} -> 0.00052111733
C61: SMB | D61: 0.0015481572 | E61: 0.00061594172 | F61: 0.0020317335 | G61: 0.0010990887 | H61: 0.000888676 | I61: 0.0015024518
C62: HML | D62: 0.00028709803 | E62: -0.00033966103 | F62: -6.4874896e-05 | G62: 9.3204414e-05 | H62: -8.196964e-05 | I62: -0.001418132
A63: 07/03/2024 | B63: 20 | C63: Mrkt-RF | D63: {=TRANSPOSE(INDEX(LINEST(OFFSET('Stock Prices'!L$4,$B63,0):OFFSET('Stock Prices'!L$784,$B63,0),OFFSET('Stock Prices'!$H$4,$B63,0):OFFSET('Stock Prices'!$J$784,$B63,0)),{1,2,3}))} -> 4.2774565e-05 | E63: {=TRANSPOSE(INDEX(LINEST(OFFSET('Stock Prices'!M$4,$B63,0):OFFSET('Stock Prices'!M$784,$B63,0),OFFSET('Stock Prices'!$H$4,$B63,0):OFFSET('Stock Prices'!$J$784,$B63,0)),{1,2,3}))} -> 0.00031610596 | F63: {=TRANSPOSE(INDEX(LINEST(OFFSET('Stock Prices'!N$4,$B63,0):OFFSET('Stock Prices'!N$784,$B63,0),OFFSET('Stock Prices'!$H$4,$B63,0):OFFSET('Stock Prices'!$J$784,$B63,0)),{1,2,3}))} -> 0.0011114281 | G63: {=TRANSPOSE(INDEX(LINEST(OFFSET('Stock Prices'!O$4,$B63,0):OFFSET('Stock Prices'!O$784,$B63,0),OFFSET('Stock Prices'!$H$4,$B63,0):OFFSET('Stock Prices'!$J$784,$B63,0)),{1,2,3}))} -> 8.6471372e-05 | H63: {=TRANSPOSE(INDEX(LINEST(OFFSET('Stock Prices'!P$4,$B63,0):OFFSET('Stock Prices'!P$784,$B63,0),OFFSET('Stock Prices'!$H$4,$B63,0):OFFSET('Stock Prices'!$J$784,$B63,0)),{1,2,3}))} -> 0.00010901944 | I63: {=TRANSPOSE(INDEX(LINEST(OFFSET('Stock Prices'!Q$4,$B63,0):OFFSET('Stock Prices'!Q$784,$B63,0),OFFSET('Stock Prices'!$H$4,$B63,0):OFFSET('Stock Prices'!$J$784,$B63,0)),{1,2,3}))} -> 0.00051461803
C64: SMB | D64: 0.0015263974 | E64: 0.00065778515 | F64: 0.0020805399 | G64: 0.0010968016 | H64: 0.0011246695 | I64: 0.0013882217
C65: HML | D65: 0.00028354765 | E65: -0.0003403112 | F65: -6.5611475e-05 | G65: 9.3766974e-05 | H65: -8.7539453e-05 | I65: -0.0014151119
A66: 07/02/2024 | B66: 21 | C66: Mrkt-RF | D66: {=TRANSPOSE(INDEX(LINEST(OFFSET('Stock Prices'!L$4,$B66,0):OFFSET('Stock Prices'!L$784,$B66,0),OFFSET('Stock Prices'!$H$4,$B66,0):OFFSET('Stock Prices'!$J$784,$B66,0)),{1,2,3}))} -> 6.4298137e-05 | E66: {=TRANSPOSE(INDEX(LINEST(OFFSET('Stock Prices'!M$4,$B66,0):OFFSET('Stock Prices'!M$784,$B66,0),OFFSET('Stock Prices'!$H$4,$B66,0):OFFSET('Stock Prices'!$J$784,$B66,0)),{1,2,3}))} -> 0.0003112753 | F66: {=TRANSPOSE(INDEX(LINEST(OFFSET('Stock Prices'!N$4,$B66,0):OFFSET('Stock Prices'!N$784,$B66,0),OFFSET('Stock Prices'!$H$4,$B66,0):OFFSET('Stock Prices'!$J$784,$B66,0)),{1,2,3}))} -> 0.0011369571 | G66: {=TRANSPOSE(INDEX(LINEST(OFFSET('Stock Prices'!O$4,$B66,0):OFFSET('Stock Prices'!O$784,$B66,0),OFFSET('Stock Prices'!$H$4,$B66,0):OFFSET('Stock Prices'!$J$784,$B66,0)),{1,2,3}))} -> 8.1481906e-05 | H66: {=TRANSPOSE(INDEX(LINEST(OFFSET('Stock Prices'!P$4,$B66,0):OFFSET('Stock Prices'!P$784,$B66,0),OFFSET('Stock Prices'!$H$4,$B66,0):OFFSET('Stock Prices'!$J$784,$B66,0)),{1,2,3}))} -> 0.00013399549 | I66: {=TRANSPOSE(INDEX(LINEST(OFFSET('Stock Prices'!Q$4,$B66,0):OFFSET('Stock Prices'!Q$784,$B66,0),OFFSET('Stock Prices'!$H$4,$B66,0):OFFSET('Stock Prices'!$J$784,$B66,0)),{1,2,3}))} -> 0.00039484243
C67: SMB | D67: 0.0015457858 | E67: 0.00065305786 | F67: 0.0021059008 | G67: 0.001091743 | H67: 0.0011487804 | I67: 0.0012696355
C68: HML | D68: 0.0002492653 | E68: -0.00034086457 | F68: -5.4386878e-05 | G68: 8.9334406e-05 | H68: -9.1934079e-05 | I68: -0.0014589798
A69: 07/01/2024 | B69: 22 | C69: Mrkt-RF | D69: {=TRANSPOSE(INDEX(LINEST(OFFSET('Stock Prices'!L$4,$B69,0):OFFSET('Stock Prices'!L$784,$B69,0),OFFSET('Stock Prices'!$H$4,$B69,0):OFFSET('Stock Prices'!$J$784,$B69,0)),{1,2,3}))} -> -1.9799491e-05 | E69: {=TRANSPOSE(INDEX(LINEST(OFFSET('Stock Prices'!M$4,$B69,0):OFFSET('Stock Prices'!M$784,$B69,0),OFFSET('Stock Prices'!$H$4,$B69,0):OFFSET('Stock Prices'!$J$784,$B69,0)),{1,2,3}))} -> 0.00030509226 | F69: {=TRANSPOSE(INDEX(LINEST(OFFSET('Stock Prices'!N$4,$B69,0):OFFSET('Stock Prices'!N$784,$B69,0),OFFSET('Stock Prices'!$H$4,$B69,0):OFFSET('Stock Prices'!$J$784,$B69,0)),{1,2,3}))} -> 0.0011284688 | G69: {=TRANSPOSE(INDEX(LINEST(OFFSET('Stock Prices'!O$4,$B69,0):OFFSET('Stock Prices'!O$784,$B69,0),OFFSET('Stock Prices'!$H$4,$B69,0):OFFSET('Stock Prices'!$J$784,$B69,0)),{1,2,3}))} -> 8.4194254e-05 | H69: {=TRANSPOSE(INDEX(LINEST(OFFSET('Stock Prices'!P$4,$B69,0):OFFSET('Stock Prices'!P$784,$B69,0),OFFSET('Stock Prices'!$H$4,$B69,0):OFFSET('Stock Prices'!$J$784,$B69,0)),{1,2,3}))} -> 0.00014209568 | I69: {=TRANSPOSE(INDEX(LINEST(OFFSET('Stock Prices'!Q$4,$B69,0):OFFSET('Stock Prices'!Q$784,$B69,0),OFFSET('Stock Prices'!$H$4,$B69,0):OFFSET('Stock Prices'!$J$784,$B69,0)),{1,2,3}))} -> 0.00037218228
C70: SMB | D70: 0.00157752 | E70: 0.00062942164 | F70: 0.0020562168 | G70: 0.001090729 | H70: 0.0011018813 | I70: 0.0012355291
C71: HML | D71: 0.00023301399 | E71: -0.00032428214 | F71: -1.9823487e-05 | G71: 8.9852053e-05 | H71: -6.0356547e-05 | I71: -0.0014341578
A72: 06/28/2024 | B72: 23 | C72: Mrkt-RF | D72: {=TRANSPOSE(INDEX(LINEST(OFFSET('Stock Prices'!L$4,$B72,0):OFFSET('Stock Prices'!L$784,$B72,0),OFFSET('Stock Prices'!$H$4,$B72,0):OFFSET('Stock Prices'!$J$784,$B72,0)),{1,2,3}))} -> -3.832668e-05 | E72: {=TRANSPOSE(INDEX(LINEST(OFFSET('Stock Prices'!M$4,$B72,0):OFFSET('Stock Prices'!M$784,$B72,0),OFFSET('Stock Prices'!$H$4,$B72,0):OFFSET('Stock Prices'!$J$784,$B72,0)),{1,2,3}))} -> 0.00028355239 | F72: {=TRANSPOSE(INDEX(LINEST(OFFSET('Stock Prices'!N$4,$B72,0):OFFSET('Stock Prices'!N$784,$B72,0),OFFSET('Stock Prices'!$H$4,$B72,0):OFFSET('Stock Prices'!$J$784,$B72,0)),{1,2,3}))} -> 0.0011206439 | G72: {=TRANSPOSE(INDEX(LINEST(OFFSET('Stock Prices'!O$4,$B72,0):OFFSET('Stock Prices'!O$784,$B72,0),OFFSET('Stock Prices'!$H$4,$B72,0):OFFSET('Stock Prices'!$J$784,$B72,0)),{1,2,3}))} -> 6.587595e-05 | H72: {=TRANSPOSE(INDEX(LINEST(OFFSET('Stock Prices'!P$4,$B72,0):OFFSET('Stock Prices'!P$784,$B72,0),OFFSET('Stock Prices'!$H$4,$B72,0):OFFSET('Stock Prices'!$J$784,$B72,0)),{1,2,3}))} -> 0.00012801491 | I72: {=TRANSPOSE(INDEX(LINEST(OFFSET('Stock Prices'!Q$4,$B72,0):OFFSET('Stock Prices'!Q$784,$B72,0),OFFSET('Stock Prices'!$H$4,$B72,0):OFFSET('Stock Prices'!$J$784,$B72,0)),{1,2,3}))} -> 0.00037026502
C73: SMB | D73: 0.0015027277 | E73: 0.00054450697 | F73: 0.0020914772 | G73: 0.0010195174 | H73: 0.00099267792 | I73: 0.0012873403
C74: HML | D74: 0.00024231017 | E74: -0.00031388126 | F74: -2.9235271e-05 | G74: 9.8497224e-05 | H74: -4.2844105e-05 | I74: -0.0014450777
A75: 06/27/2024 | B75: 24 | C75: Mrkt-RF | D75: {=TRANSPOSE(INDEX(LINEST(OFFSET('Stock Prices'!L$4,$B75,0):OFFSET('Stock Prices'!L$784,$B75,0),OFFSET('Stock Prices'!$H$4,$B75,0):OFFSET('Stock Prices'!$J$784,$B75,0)),{1,2,3}))} -> -0.00012340574 | E75: {=TRANSPOSE(INDEX(LINEST(OFFSET('Stock Prices'!M$4,$B75,0):OFFSET('Stock Prices'!M$784,$B75,0),OFFSET('Stock Prices'!$H$4,$B75,0):OFFSET('Stock Prices'!$J$784,$B75,0)),{1,2,3}))} -> 0.00026426596 | F75: {=TRANSPOSE(INDEX(LINEST(OFFSET('Stock Prices'!N$4,$B75,0):OFFSET('Stock Prices'!N$784,$B75,0),OFFSET('Stock Prices'!$H$4,$B75,0):OFFSET('Stock Prices'!$J$784,$B75,0)),{1,2,3}))} -> 0.0011768267 | G75: {=TRANSPOSE(INDEX(LINEST(OFFSET('Stock Prices'!O$4,$B75,0):OFFSET('Stock Prices'!O$784,$B75,0),OFFSET('Stock Prices'!$H$4,$B75,0):OFFSET('Stock Prices'!$J$784,$B75,0)),{1,2,3}))} -> 5.7485208e-05 | H75: {=TRANSPOSE(INDEX(LINEST(OFFSET('Stock Prices'!P$4,$B75,0):OFFSET('Stock Prices'!P$784,$B75,0),OFFSET('Stock Prices'!$H$4,$B75,0):OFFSET('Stock Prices'!$J$784,$B75,0)),{1,2,3}))} -> 6.8802242e-05 | I75: {=TRANSPOSE(INDEX(LINEST(OFFSET('Stock Prices'!Q$4,$B75,0):OFFSET('Stock Prices'!Q$784,$B75,0),OFFSET('Stock Prices'!$H$4,$B75,0):OFFSET('Stock Prices'!$J$784,$B75,0)),{1,2,3}))} -> 0.0003369523
C76: SMB | D76: 0.001405966 | E76: 0.00049464021 | F76: 0.0021938688 | G76: 0.00098663231 | H76: 0.00090465068 | I76: 0.0012239164
C77: HML | D77: 0.00028746861 | E77: -0.00031340383 | F77: -4.5606271e-05 | G77: 9.4795134e-05 | H77: -1.8642008e-05 | I77: -0.0014363185
A78: 06/26/2024 | B78: 25 | C78: Mrkt-RF | D78: {=TRANSPOSE(INDEX(LINEST(OFFSET('Stock Prices'!L$4,$B78,0):OFFSET('Stock Prices'!L$784,$B78,0),OFFSET('Stock Prices'!$H$4,$B78,0):OFFSET('Stock Prices'!$J$784,$B78,0)),{1,2,3}))} -> -9.0355352e-05 | E78: {=TRANSPOSE(INDEX(LINEST(OFFSET('Stock Prices'!M$4,$B78,0):OFFSET('Stock Prices'!M$784,$B78,0),OFFSET('Stock Prices'!$H$4,$B78,0):OFFSET('Stock Prices'!$J$784,$B78,0)),{1,2,3}))} -> 0.00030514175 | F78: {=TRANSPOSE(INDEX(LINEST(OFFSET('Stock Prices'!N$4,$B78,0):OFFSET('Stock Prices'!N$784,$B78,0),OFFSET('Stock Prices'!$H$4,$B78,0):OFFSET('Stock Prices'!$J$784,$B78,0)),{1,2,3}))} -> 0.0011850357 | G78: {=TRANSPOSE(INDEX(LINEST(OFFSET('Stock Prices'!O$4,$B78,0):OFFSET('Stock Prices'!O$784,$B78,0),OFFSET('Stock Prices'!$H$4,$B78,0):OFFSET('Stock Prices'!$J$784,$B78,0)),{1,2,3}))} -> 7.0118612e-05 | H78: {=TRANSPOSE(INDEX(LINEST(OFFSET('Stock Prices'!P$4,$B78,0):OFFSET('Stock Prices'!P$784,$B78,0),OFFSET('Stock Prices'!$H$4,$B78,0):OFFSET('Stock Prices'!$J$784,$B78,0)),{1,2,3}))} -> 9.3612596e-05 | I78: {=TRANSPOSE(INDEX(LINEST(OFFSET('Stock Prices'!Q$4,$B78,0):OFFSET('Stock Prices'!Q$784,$B78,0),OFFSET('Stock Prices'!$H$4,$B78,0):OFFSET('Stock Prices'!$J$784,$B78,0)),{1,2,3}))} -> 0.00032593296
C79: SMB | D79: 0.0013638114 | E79: 0.00054768558 | F79: 0.0021738257 | G79: 0.0010069274 | H79: 0.00087532987 | I79: 0.0011801704
C80: HML | D80: 0.00030405623 | E80: -0.00028780499 | F80: -4.1948963e-05 | G80: 0.00010289544 | H80: -6.0776472e-06 | I80: -0.0014446427
A81: 06/25/2024 | B81: 26 | C81: Mrkt-RF | D81: {=TRANSPOSE(INDEX(LINEST(OFFSET('Stock Prices'!L$4,$B81,0):OFFSET('Stock Prices'!L$784,$B81,0),OFFSET('Stock Prices'!$H$4,$B81,0):OFFSET('Stock Prices'!$J$784,$B81,0)),{1,2,3}))} -> -0.00011615203 | E81: {=TRANSPOSE(INDEX(LINEST(OFFSET('Stock Prices'!M$4,$B81,0):OFFSET('Stock Prices'!M$784,$B81,0),OFFSET('Stock Prices'!$H$4,$B81,0):OFFSET('Stock Prices'!$J$784,$B81,0)),{1,2,3}))} -> 0.00025942536 | F81: {=TRANSPOSE(INDEX(LINEST(OFFSET('Stock Prices'!N$4,$B81,0):OFFSET('Stock Prices'!N$784,$B81,0),OFFSET('Stock Prices'!$H$4,$B81,0):OFFSET('Stock Prices'!$J$784,$B81,0)),{1,2,3}))} -> 0.0011377165 | G81: {=TRANSPOSE(INDEX(LINEST(OFFSET('Stock Prices'!O$4,$B81,0):OFFSET('Stock Prices'!O$784,$B81,0),OFFSET('Stock Prices'!$H$4,$B81,0):OFFSET('Stock Prices'!$J$784,$B81,0)),{1,2,3}))} -> 3.3921786e-07 | H81: {=TRANSPOSE(INDEX(LINEST(OFFSET('Stock Prices'!P$4,$B81,0):OFFSET('Stock Prices'!P$784,$B81,0),OFFSET('Stock Prices'!$H$4,$B81,0):OFFSET('Stock Prices'!$J$784,$B81,0)),{1,2,3}))} -> 1.1954086e-05 | I81: {=TRANSPOSE(INDEX(LINEST(OFFSET('Stock Prices'!Q$4,$B81,0):OFFSET('Stock Prices'!Q$784,$B81,0),OFFSET('Stock Prices'!$H$4,$B81,0):OFFSET('Stock Prices'!$J$784,$B81,0)),{1,2,3}))} -> 0.0002797644
C82: SMB | D82: 0.0013773021 | E82: 0.00057236565 | F82: 0.0021989738 | G82: 0.0010445088 | H82: 0.00092017556 | I82: 0.0012053341
C83: HML | D83: 0.00028768205 | E83: -0.00032118661 | F83: -7.4255427e-05 | G83: 5.2447136e-05 | H83: -7.0011885e-05 | I83: -0.001479708
A84: 06/24/2024 | B84: 27 | C84: Mrkt-RF | D84: {=TRANSPOSE(INDEX(LINEST(OFFSET('Stock Prices'!L$4,$B84,0):OFFSET('Stock Prices'!L$784,$B84,0),OFFSET('Stock Prices'!$H$4,$B84,0):OFFSET('Stock Prices'!$J$784,$B84,0)),{1,2,3}))} -> -0.00015028716 | E84: {=TRANSPOSE(INDEX(LINEST(OFFSET('Stock Prices'!M$4,$B84,0):OFFSET('Stock Prices'!M$784,$B84,0),OFFSET('Stock Prices'!$H$4,$B84,0):OFFSET('Stock Prices'!$J$784,$B84,0)),{1,2,3}))} -> 0.00026893617 | F84: {=TRANSPOSE(INDEX(LINEST(OFFSET('Stock Prices'!N$4,$B84,0):OFFSET('Stock Prices'!N$784,$B84,0),OFFSET('Stock Prices'!$H$4,$B84,0):OFFSET('Stock Prices'!$J$784,$B84,0)),{1,2,3}))} -> 0.0011316018 | G84: {=TRANSPOSE(INDEX(LINEST(OFFSET('Stock Prices'!O$4,$B84,0):OFFSET('Stock Prices'!O$784,$B84,0),OFFSET('Stock Prices'!$H$4,$B84,0):OFFSET('Stock Prices'!$J$784,$B84,0)),{1,2,3}))} -> 8.0464765e-06 | H84: {=TRANSPOSE(INDEX(LINEST(OFFSET('Stock Prices'!P$4,$B84,0):OFFSET('Stock Prices'!P$784,$B84,0),OFFSET('Stock Prices'!$H$4,$B84,0):OFFSET('Stock Prices'!$J$784,$B84,0)),{1,2,3}))} -> 1.6540677e-06 | I84: {=TRANSPOSE(INDEX(LINEST(OFFSET('Stock Prices'!Q$4,$B84,0):OFFSET('Stock Prices'!Q$784,$B84,0),OFFSET('Stock Prices'!$H$4,$B84,0):OFFSET('Stock Prices'!$J$784,$B84,0)),{1,2,3}))} -> 0.00027900613
C85: SMB | D85: 0.0013187467 | E85: 0.00059798737 | F85: 0.002196877 | G85: 0.0010680358 | H85: 0.00091429749 | I85: 0.0012216699
C86: HML | D86: 0.00029330746 | E86: -0.00032506469 | F86: -7.5331388e-05 | G86: 4.8618213e-05 | H86: -7.1241826e-05 | I86: -0.0014839619
A87: 06/21/2024 | B87: 28 | C87: Mrkt-RF | D87: {=TRANSPOSE(INDEX(LINEST(OFFSET('Stock Prices'!L$4,$B87,0):OFFSET('Stock Prices'!L$784,$B87,0),OFFSET('Stock Prices'!$H$4,$B87,0):OFFSET('Stock Prices'!$J$784,$B87,0)),{1,2,3}))} -> -0.00017209149 | E87: {=TRANSPOSE(INDEX(LINEST(OFFSET('Stock Prices'!M$4,$B87,0):OFFSET('Stock Prices'!M$784,$B87,0),OFFSET('Stock Prices'!$H$4,$B87,0):OFFSET('Stock Prices'!$J$784,$B87,0)),{1,2,3}))} -> 0.00026525839 | F87: {=TRANSPOSE(INDEX(LINEST(OFFSET('Stock Prices'!N$4,$B87,0):OFFSET('Stock Prices'!N$784,$B87,0),OFFSET('Stock Prices'!$H$4,$B87,0):OFFSET('Stock Prices'!$J$784,$B87,0)),{1,2,3}))} -> 0.0011182213 | G87: {=TRANSPOSE(INDEX(LINEST(OFFSET('Stock Prices'!O$4,$B87,0):OFFSET('Stock Prices'!O$784,$B87,0),OFFSET('Stock Prices'!$H$4,$B87,0):OFFSET('Stock Prices'!$J$784,$B87,0)),{1,2,3}))} -> -1.7166192e-05 | H87: {=TRANSPOSE(INDEX(LINEST(OFFSET('Stock Prices'!P$4,$B87,0):OFFSET('Stock Prices'!P$784,$B87,0),OFFSET('Stock Prices'!$H$4,$B87,0):OFFSET('Stock Prices'!$J$784,$B87,0)),{1,2,3}))} -> -2.3026064e-05 | I87: {=TRANSPOSE(INDEX(LINEST(OFFSET('Stock Prices'!Q$4,$B87,0):OFFSET('Stock Prices'!Q$784,$B87,0),OFFSET('Stock Prices'!$H$4,$B87,0):OFFSET('Stock Prices'!$J$784,$B87,0)),{1,2,3}))} -> 0.00023284928
C88: SMB | D88: 0.0012718224 | E88: 0.00056723023 | F88: 0.0020846272 | G88: 0.00096416621 | H88: 0.00080821012 | I88: 0.0011286416
C89: HML | D89: 0.00027653649 | E89: -0.00034900066 | F89: -0.00016273778 | G89: -1.6616212e-05 | H89: -0.00013917493 | I89: -0.0015136387
A90: 06/20/2024 | B90: 29 | C90: Mrkt-RF | D90: {=TRANSPOSE(INDEX(LINEST(OFFSET('Stock Prices'!L$4,$B90,0):OFFSET('Stock Prices'!L$784,$B90,0),OFFSET('Stock Prices'!$H$4,$B90,0):OFFSET('Stock Prices'!$J$784,$B90,0)),{1,2,3}))} -> -0.00014839393 | E90: {=TRANSPOSE(INDEX(LINEST(OFFSET('Stock Prices'!M$4,$B90,0):OFFSET('Stock Prices'!M$784,$B90,0),OFFSET('Stock Prices'!$H$4,$B90,0):OFFSET('Stock Prices'!$J$784,$B90,0)),{1,2,3}))} -> 0.000285297 | F90: {=TRANSPOSE(INDEX(LINEST(OFFSET('Stock Prices'!N$4,$B90,0):OFFSET('Stock Prices'!N$784,$B90,0),OFFSET('Stock Prices'!$H$4,$B90,0):OFFSET('Stock Prices'!$J$784,$B90,0)),{1,2,3}))} -> 0.0011015218 | G90: {=TRANSPOSE(INDEX(LINEST(OFFSET('Stock Prices'!O$4,$B90,0):OFFSET('Stock Prices'!O$784,$B90,0),OFFSET('Stock Prices'!$H$4,$B90,0):OFFSET('Stock Prices'!$J$784,$B90,0)),{1,2,3}))} -> -4.381766e-05 | H90: {=TRANSPOSE(INDEX(LINEST(OFFSET('Stock Prices'!P$4,$B90,0):OFFSET('Stock Prices'!P$784,$B90,0),OFFSET('Stock Prices'!$H$4,$B90,0):OFFSET('Stock Prices'!$J$784,$B90,0)),{1,2,3}))} -> -5.5071029e-05 | I90: {=TRANSPOSE(INDEX(LINEST(OFFSET('Stock Prices'!Q$4,$B90,0):OFFSET('Stock Prices'!Q$784,$B90,0),OFFSET('Stock Prices'!$H$4,$B90,0):OFFSET('Stock Prices'!$J$784,$B90,0)),{1,2,3}))} -> 0.00019837493
C91: SMB | D91: 0.0012574874 | E91: 0.00053745366 | F91: 0.0020761241 | G91: 0.00098276487 | H91: 0.00078955412 | I91: 0.0011408943
C92: HML | D92: 0.00029294837 | E92: -0.00033617975 | F92: -0.00017541691 | G92: -3.4925563e-05 | H92: -0.00016364523 | I92: -0.0015380291
A93: 06/18/2024 | B93: 30 | C93: Mrkt-RF | D93: {=TRANSPOSE(INDEX(LINEST(OFFSET('Stock Prices'!L$4,$B93,0):OFFSET('Stock Prices'!L$784,$B93,0),OFFSET('Stock Prices'!$H$4,$B93,0):OFFSET('Stock Prices'!$J$784,$B93,0)),{1,2,3}))} -> -0.00016636194 | E93: {=TRANSPOSE(INDEX(LINEST(OFFSET('Stock Prices'!M$4,$B93,0):OFFSET('Stock Prices'!M$784,$B93,0),OFFSET('Stock Prices'!$H$4,$B93,0):OFFSET('Stock Prices'!$J$784,$B93,0)),{1,2,3}))} -> 0.0002721922 | F93: {=TRANSPOSE(INDEX(LINEST(OFFSET('Stock Prices'!N$4,$B93,0):OFFSET('Stock Prices'!N$784,$B93,0),OFFSET('Stock Prices'!$H$4,$B93,0):OFFSET('Stock Prices'!$J$784,$B93,0)),{1,2,3}))} -> 0.0010987756 | G93: {=TRANSPOSE(INDEX(LINEST(OFFSET('Stock Prices'!O$4,$B93,0):OFFSET('Stock Prices'!O$784,$B93,0),OFFSET('Stock Prices'!$H$4,$B93,0):OFFSET('Stock Prices'!$J$784,$B93,0)),{1,2,3}))} -> -4.9030917e-05 | H93: {=TRANSPOSE(INDEX(LINEST(OFFSET('Stock Prices'!P$4,$B93,0):OFFSET('Stock Prices'!P$784,$B93,0),OFFSET('Stock Prices'!$H$4,$B93,0):OFFSET('Stock Prices'!$J$784,$B93,0)),{1,2,3}))} -> -6.9477093e-05 | I93: {=TRANSPOSE(INDEX(LINEST(OFFSET('Stock Prices'!Q$4,$B93,0):OFFSET('Stock Prices'!Q$784,$B93,0),OFFSET('Stock Prices'!$H$4,$B93,0):OFFSET('Stock Prices'!$J$784,$B93,0)),{1,2,3}))} -> 0.00018954326
C94: SMB | D94: 0.0013008488 | E94: 0.00058520478 | F94: 0.0021092227 | G94: 0.0010282506 | H94: 0.00084208606 | I94: 0.0011810933
C95: HML | D95: 0.00029743477 | E95: -0.00031322127 | F95: -0.00014241524 | G95: 6.5460386e-06 | H95: -0.00013835907 | I95: -0.001512768
A96: 06/17/2024 | B96: 31 | C96: Mrkt-RF | D96: {=TRANSPOSE(INDEX(LINEST(OFFSET('Stock Prices'!L$4,$B96,0):OFFSET('Stock Prices'!L$784,$B96,0),OFFSET('Stock Prices'!$H$4,$B96,0):OFFSET('Stock Prices'!$J$784,$B96,0)),{1,2,3}))} -> -0.00021792388 | E96: {=TRANSPOSE(INDEX(LINEST(OFFSET('Stock Prices'!M$4,$B96,0):OFFSET('Stock Prices'!M$784,$B96,0),OFFSET('Stock Prices'!$H$4,$B96,0):OFFSET('Stock Prices'!$J$784,$B96,0)),{1,2,3}))} -> 0.00023908247 | F96: {=TRANSPOSE(INDEX(LINEST(OFFSET('Stock Prices'!N$4,$B96,0):OFFSET('Stock Prices'!N$784,$B96,0),OFFSET('Stock Prices'!$H$4,$B96,0):OFFSET('Stock Prices'!$J$784,$B96,0)),{1,2,3}))} -> 0.0010406775 | G96: {=TRANSPOSE(INDEX(LINEST(OFFSET('Stock Prices'!O$4,$B96,0):OFFSET('Stock Prices'!O$784,$B96,0),OFFSET('Stock Prices'!$H$4,$B96,0):OFFSET('Stock Prices'!$J$784,$B96,0)),{1,2,3}))} -> -9.1232627e-05 | H96: {=TRANSPOSE(INDEX(LINEST(OFFSET('Stock Prices'!P$4,$B96,0):OFFSET('Stock Prices'!P$784,$B96,0),OFFSET('Stock Prices'!$H$4,$B96,0):OFFSET('Stock Prices'!$J$784,$B96,0)),{1,2,3}))} -> -0.00012501297 | I96: {=TRANSPOSE(INDEX(LINEST(OFFSET('Stock Prices'!Q$4,$B96,0):OFFSET('Stock Prices'!Q$784,$B96,0),OFFSET('Stock Prices'!$H$4,$B96,0):OFFSET('Stock Prices'!$J$784,$B96,0)),{1,2,3}))} -> 0.00018417036
C97: SMB | D97: 0.0013656493 | E97: 0.00062768537 | F97: 0.0021895655 | G97: 0.001087447 | H97: 0.00091957396 | I97: 0.0011868264
C98: HML | D98: 0.00025488461 | E98: -0.00034038377 | F98: -0.00018900753 | G98: -2.7143721e-05 | H98: -0.00018276961 | I98: -0.0015173899
A99: 06/14/2024 | B99: 32 | C99: Mrkt-RF | D99: {=TRANSPOSE(INDEX(LINEST(OFFSET('Stock Prices'!L$4,$B99,0):OFFSET('Stock Prices'!L$784,$B99,0),OFFSET('Stock Prices'!$H$4,$B99,0):OFFSET('Stock Prices'!$J$784,$B99,0)),{1,2,3}))} -> -0.00022307424 | E99: {=TRANSPOSE(INDEX(LINEST(OFFSET('Stock Prices'!M$4,$B99,0):OFFSET('Stock Prices'!M$784,$B99,0),OFFSET('Stock Prices'!$H$4,$B99,0):OFFSET('Stock Prices'!$J$784,$B99,0)),{1,2,3}))} -> 0.00026956028 | F99: {=TRANSPOSE(INDEX(LINEST(OFFSET('Stock Prices'!N$4,$B99,0):OFFSET('Stock Prices'!N$784,$B99,0),OFFSET('Stock Prices'!$H$4,$B99,0):OFFSET('Stock Prices'!$J$784,$B99,0)),{1,2,3}))} -> 0.0010022319 | G99: {=TRANSPOSE(INDEX(LINEST(OFFSET('Stock Prices'!O$4,$B99,0):OFFSET('Stock Prices'!O$784,$B99,0),OFFSET('Stock Prices'!$H$4,$B99,0):OFFSET('Stock Prices'!$J$784,$B99,0)),{1,2,3}))} -> -0.00015033022 | H99: {=TRANSPOSE(INDEX(LINEST(OFFSET('Stock Prices'!P$4,$B99,0):OFFSET('Stock Prices'!P$784,$B99,0),OFFSET('Stock Prices'!$H$4,$B99,0):OFFSET('Stock Prices'!$J$784,$B99,0)),{1,2,3}))} -> -0.00031551096 | I99: {=TRANSPOSE(INDEX(LINEST(OFFSET('Stock Prices'!Q$4,$B99,0):OFFSET('Stock Prices'!Q$784,$B99,0),OFFSET('Stock Prices'!$H$4,$B99,0):OFFSET('Stock Prices'!$J$784,$B99,0)),{1,2,3}))} -> 0.00019005342
C100: SMB | D100: 0.0013934978 | E100: 0.0005842296 | F100: 0.0022323666 | G100: 0.0011647842 | H100: 0.0011934292 | I100: 0.001169884
C101: HML | D101: 0.0003024547 | E101: -0.00033750048 | F101: -0.00022080468 | G101: -4.8964865e-05 | H101: -0.00019554117 | I101: -0.0015368817
...

Sheet FM2
A1: Date | B1: Row offset | C1: Mkt-Rf | D1: SMB | E1: HML | F1: Intercept | G1: R2 | L1: Paramount | M1: Comcast | N1: LuluLemon | O1: Hyatt Hotels | P1: MGM Resorts | Q1: Ford Motors
A2: average | C2: =AVERAGE(C4:C2517) -> 1.3162332 | D2: =AVERAGE(D4:D2517) -> 0.72991992 | E2: =AVERAGE(E4:E2517) -> -1.5456928 | F2: =AVERAGE(F4:F2517) -> -0.0016074631 | G2: =AVERAGE(G4:G2517) -> 0.53934861 | L2: {='Stock Prices'!$K4+'FM2'!$F2+SUMPRODUCT($C2:$H2,TRANSPOSE('FM1'!L2:L4))} -> #VALUE! | M2: {='Stock Prices'!$K4+'FM2'!$F2+SUMPRODUCT($C2:$H2,TRANSPOSE('FM1'!M2:M4))} -> #VALUE! | N2: {='Stock Prices'!$K4+'FM2'!$F2+SUMPRODUCT($C2:$H2,TRANSPOSE('FM1'!N2:N4))} -> #VALUE! | O2: {='Stock Prices'!$K4+'FM2'!$F2+SUMPRODUCT($C2:$H2,TRANSPOSE('FM1'!O2:O4))} -> #VALUE! | P2: {='Stock Prices'!$K4+'FM2'!$F2+SUMPRODUCT($C2:$H2,TRANSPOSE('FM1'!P2:P4))} -> #VALUE! | Q2: {='Stock Prices'!$K4+'FM2'!$F2+SUMPRODUCT($C2:$H2,TRANSPOSE('FM1'!Q2:Q4))} -> #VALUE!
A3: 08/01/2024 | B3: 0
A4: 07/31/2024 | B4: 3 | C4: {=LINEST('Stock Prices'!L4:Q4,OFFSET('FM1'!D$9,'FM2'!B4,0):OFFSET('FM1'!I$11,'FM2'!B4,0))} -> 52.497465 | D4: -80.926105 | E4: 37.092 | F4: 0.042344656 | G4: {=INDEX(LINEST('Stock Prices'!L4:Q4,OFFSET('FM1'!D$6,B4,0):OFFSET('FM1'!I$8,B4,0),FALSE,TRUE),{1})} -> 32.800828
A5: 07/30/2024 | B5: 6 | C5: {=LINEST('Stock Prices'!L5:Q5,OFFSET('FM1'!D$6,B5,0):OFFSET('FM1'!I$8,B5,0))} -> 19.140526 | D5: -22.499667 | E5: 7.3361757 | F5: 0.028262642 | G5: {=INDEX(LINEST('Stock Prices'!L5:Q5,OFFSET('FM1'!D$6,B5,0):OFFSET('FM1'!I$8,B5,0),FALSE,TRUE),{1})} -> 1.8689699
A6: 07/29/2024 | B6: 9 | C6: {=LINEST('Stock Prices'!L6:Q6,OFFSET('FM1'!D$6,B6,0):OFFSET('FM1'!I$8,B6,0))} -> 32.486829 | D6: -26.502699 | E6: -14.488246 | F6: 0.040169866 | G6: {=INDEX(LINEST('Stock Prices'!L6:Q6,OFFSET('FM1'!D$6,B6,0):OFFSET('FM1'!I$8,B6,0),FALSE,TRUE),{1})} -> 6.7336988
A7: 07/26/2024 | B7: 12 | C7: {=LINEST('Stock Prices'!L7:Q7,OFFSET('FM1'!D$6,B7,0):OFFSET('FM1'!I$8,B7,0))} -> 35.985488 | D7: -28.128191 | E7: 15.867253 | F7: 0.04031457 | G7: {=INDEX(LINEST('Stock Prices'!L7:Q7,OFFSET('FM1'!D$6,B7,0):OFFSET('FM1'!I$8,B7,0),FALSE,TRUE),{1})} -> 9.8292333
A8: 07/25/2024 | B8: 15 | C8: {=LINEST('Stock Prices'!L8:Q8,OFFSET('FM1'!D$6,B8,0):OFFSET('FM1'!I$8,B8,0))} -> 14.577608 | D8: -42.550517 | E8: 45.40485 | F8: 0.055754866 | G8: {=INDEX(LINEST('Stock Prices'!L8:Q8,OFFSET('FM1'!D$6,B8,0):OFFSET('FM1'!I$8,B8,0),FALSE,TRUE),{1})} -> -1.2748471
A9: 07/24/2024 | B9: 18 | C9: {=LINEST('Stock Prices'!L9:Q9,OFFSET('FM1'!D$6,B9,0):OFFSET('FM1'!I$8,B9,0))} -> 130.29805 | D9: -103.03768 | E9: -13.572969 | F9: 0.13138388 | G9: {=INDEX(LINEST('Stock Prices'!L9:Q9,OFFSET('FM1'!D$6,B9,0):OFFSET('FM1'!I$8,B9,0),FALSE,TRUE),{1})} -> 92.697716
A10: 07/23/2024 | B10: 21 | C10: {=LINEST('Stock Prices'!L10:Q10,OFFSET('FM1'!D$6,B10,0):OFFSET('FM1'!I$8,B10,0))} -> -4.0921444 | D10: -12.199445 | E10: -3.7845529 | F10: -0.0017330135 | G10: {=INDEX(LINEST('Stock Prices'!L10:Q10,OFFSET('FM1'!D$6,B10,0):OFFSET('FM1'!I$8,B10,0),FALSE,TRUE),{1})} -> -3.6552732
A11: 07/22/2024 | B11: 24 | C11: {=LINEST('Stock Prices'!L11:Q11,OFFSET('FM1'!D$6,B11,0):OFFSET('FM1'!I$8,B11,0))} -> 6.5010966 | D11: 29.853136 | E11: -30.682537 | F11: -0.035903326 | G11: {=INDEX(LINEST('Stock Prices'!L11:Q11,OFFSET('FM1'!D$6,B11,0):OFFSET('FM1'!I$8,B11,0),FALSE,TRUE),{1})} -> 15.562417
A12: 07/19/2024 | B12: 27 | C12: {=LINEST('Stock Prices'!L12:Q12,OFFSET('FM1'!D$6,B12,0):OFFSET('FM1'!I$8,B12,0))} -> -2.4243902 | D12: 15.643935 | E12: 21.187058 | F12: -0.035882105 | G12: {=INDEX(LINEST('Stock Prices'!L12:Q12,OFFSET('FM1'!D$6,B12,0):OFFSET('FM1'!I$8,B12,0),FALSE,TRUE),{1})} -> 5.1907559
A13: 07/18/2024 | B13: 30 | C13: {=LINEST('Stock Prices'!L13:Q13,OFFSET('FM1'!D$6,B13,0):OFFSET('FM1'!I$8,B13,0))} -> 23.924463 | D13: -22.703986 | E13: -3.4229814 | F13: 0.030070937 | G13: {=INDEX(LINEST('Stock Prices'!L13:Q13,OFFSET('FM1'!D$6,B13,0):OFFSET('FM1'!I$8,B13,0),FALSE,TRUE),{1})} -> 18.26884
A14: 07/17/2024 | B14: 33 | C14: {=LINEST('Stock Prices'!L14:Q14,OFFSET('FM1'!D$6,B14,0):OFFSET('FM1'!I$8,B14,0))} -> -19.582061 | D14: -1.9550705 | E14: -5.6789757 | F14: -0.015961983 | G14: {=INDEX(LINEST('Stock Prices'!L14:Q14,OFFSET('FM1'!D$6,B14,0):OFFSET('FM1'!I$8,B14,0),FALSE,TRUE),{1})} -> -15.803943
A15: 07/16/2024 | B15: 36 | C15: {=LINEST('Stock Prices'!L15:Q15,OFFSET('FM1'!D$6,B15,0):OFFSET('FM1'!I$8,B15,0))} -> -14.347799 | D15: -33.631537 | E15: 37.574191 | F15: 0.024841924 | G15: {=INDEX(LINEST('Stock Prices'!L15:Q15,OFFSET('FM1'!D$6,B15,0):OFFSET('FM1'!I$8,B15,0),FALSE,TRUE),{1})} -> -13.278714
A16: 07/15/2024 | B16: 39 | C16: {=LINEST('Stock Prices'!L16:Q16,OFFSET('FM1'!D$6,B16,0):OFFSET('FM1'!I$8,B16,0))} -> 13.069676 | D16: 3.777782 | E16: 2.6343389 | F16: 0.01961552 | G16: {=INDEX(LINEST('Stock Prices'!L16:Q16,OFFSET('FM1'!D$6,B16,0):OFFSET('FM1'!I$8,B16,0),FALSE,TRUE),{1})} -> 13.122042
... A1735: 09/08/2017 | B1735: 5196 | C1735: {=LINEST('Stock Prices'!L1735:Q1735,OFFSET('FM1'!D$6,B1735,0):OFFSET('FM1'!I$8,B1735,0))} -> 10.908683 | D1735: 7.6061681 | E1735: 8.8680215 | F1735: -0.017888897 | G1735: {=INDEX(LINEST('Stock Prices'!L1735:Q1735,OFFSET('FM1'!D$6,B1735,0):OFFSET('FM1'!I$8,B1735,0),FALSE,TRUE),{1})} -> -1.6273327
A1736: 09/07/2017 | B1736: 5199
A1737: 09/06/2017 | B1737: 5202
A1738: 09/05/2017 | B1738: 5205
A1739: 09/01/2017 | B1739: 5208
A1740: 08/31/2017 | B1740: 5211
A1741: 08/30/2017 | B1741: 5214
A1742: 08/29/2017 | B1742: 5217
A1743: 08/28/2017 | B1743: 5220
A1744: 08/25/2017 | B1744: 5223
A1745: 08/24/2017 | B1745: 5226
A1746: 08/23/2017 | B1746: 5229
A1747: 08/22/2017 | B1747: 5232
... A2517: 08/01/2014 | B2517: 7542

Sheet R2
A1: Date | B1: Paramount | C1: Comcast | D1: LuluLemon | E1: Hyatt Hotels | F1: MGM Resorts | G1: Ford Motors
A2: average | B2: =AVERAGE(B3:B2517) -> 0.00013541307 | C2: =AVERAGE(C3:C2517) -> 1.9416755e-05 | D2: =AVERAGE(D3:D2517) -> 0.00099742211 | E2: =AVERAGE(E3:E2517) -> 0.00062501904 | F2: =AVERAGE(F3:F2517) -> 0.0010977316 | G2: =AVERAGE(G3:G2517) -> 0.00025149613
A3: 08/01/2024 | B3: {=INDEX(LINEST('Stock Prices'!L4:L784,'Stock Prices'!$H4:'Stock Prices'!$J784,FALSE,TRUE),{1})} -> -1.4400893e-05 | C3: {=INDEX(LINEST('Stock Prices'!M4:M784,'Stock Prices'!$H4:'Stock Prices'!$J784,FALSE,TRUE),{1})} -> 0.00041042373 | D3: {=INDEX(LINEST('Stock Prices'!N4:N784,'Stock Prices'!$H4:'Stock Prices'!$J784,FALSE,TRUE),{1})} -> 0.001052225 | E3: {=INDEX(LINEST('Stock Prices'!O4:O784,'Stock Prices'!$H4:'Stock Prices'!$J784,FALSE,TRUE),{1})} -> 0.00026235585 | F3: {=INDEX(LINEST('Stock Prices'!P4:P784,'Stock Prices'!$H4:'Stock Prices'!$J784,FALSE,TRUE),{1})} -> 0.00017384456 | G3: {=INDEX(LINEST('Stock Prices'!Q4:Q784,'Stock Prices'!$H4:'Stock Prices'!$J784,FALSE,TRUE),{1})} -> 0.00060696086
A4: 07/31/2024 | B4: {=INDEX(LINEST('Stock Prices'!L5:L785,'Stock Prices'!$H5:'Stock Prices'!$J785,FALSE,TRUE),{1})} -> -5.2850984e-05 | C4: {=INDEX(LINEST('Stock Prices'!M5:M785,'Stock Prices'!$H5:'Stock Prices'!$J785,FALSE,TRUE),{1})} -> 0.00038362339 | D4: {=INDEX(LINEST('Stock Prices'!N5:N785,'Stock Prices'!$H5:'Stock Prices'!$J785,FALSE,TRUE),{1})} -> 0.0010128337 | E4: {=INDEX(LINEST('Stock Prices'!O5:O785,'Stock Prices'!$H5:'Stock Prices'!$J785,FALSE,TRUE),{1})} -> 0.00020316774 | F4: {=INDEX(LINEST('Stock Prices'!P5:P785,'Stock Prices'!$H5:'Stock Prices'!$J785,FALSE,TRUE),{1})} -> 3.9143954e-05 | G4: {=INDEX(LINEST('Stock Prices'!Q5:Q785,'Stock Prices'!$H5:'Stock Prices'!$J785,FALSE,TRUE),{1})} -> 0.00058658774
A5: 07/30/2024 | B5: {=INDEX(LINEST('Stock Prices'!L6:L786,'Stock Prices'!$H6:'Stock Prices'!$J786,FALSE,TRUE),{1})} -> -3.6278975e-05 | C5: {=INDEX(LINEST('Stock Prices'!M6:M786,'Stock Prices'!$H6:'Stock Prices'!$J786,FALSE,TRUE),{1})} -> 0.0004003511 | D5: {=INDEX(LINEST('Stock Prices'!N6:N786,'Stock Prices'!$H6:'Stock Prices'!$J786,FALSE,TRUE),{1})} -> 0.0010260699 | E5: {=INDEX(LINEST('Stock Prices'!O6:O786,'Stock Prices'!$H6:'Stock Prices'!$J786,FALSE,TRUE),{1})} -> 0.00019287228 | F5: {=INDEX(LINEST('Stock Prices'!P6:P786,'Stock Prices'!$H6:'Stock Prices'!$J786,FALSE,TRUE),{1})} -> 4.9002558e-05 | G5: {=INDEX(LINEST('Stock Prices'!Q6:Q786,'Stock Prices'!$H6:'Stock Prices'!$J786,FALSE,TRUE),{1})} -> 0.00059375798
A6: 07/29/2024 | B6: {=INDEX(LINEST('Stock Prices'!L7:L787,'Stock Prices'!$H7:'Stock Prices'!$J787,FALSE,TRUE),{1})} -> -0.00014934276 | C6: {=INDEX(LINEST('Stock Prices'!M7:M787,'Stock Prices'!$H7:'Stock Prices'!$J787,FALSE,TRUE),{1})} -> 0.00041064867 | D6: {=INDEX(LINEST('Stock Prices'!N7:N787,'Stock Prices'!$H7:'Stock Prices'!$J787,FALSE,TRUE),{1})} -> 0.0011217208 | E6: {=INDEX(LINEST('Stock Prices'!O7:O787,'Stock Prices'!$H7:'Stock Prices'!$J787,FALSE,TRUE),{1})} -> 0.00016630142 | F6: {=INDEX(LINEST('Stock Prices'!P7:P787,'Stock Prices'!$H7:'Stock Prices'!$J787,FALSE,TRUE),{1})} -> 1.1115149e-05 | G6: {=INDEX(LINEST('Stock Prices'!Q7:Q787,'Stock Prices'!$H7:'Stock Prices'!$J787,FALSE,TRUE),{1})} -> 0.00058780973
A7: 07/26/2024 | B7: {=INDEX(LINEST('Stock Prices'!L8:L788,'Stock Prices'!$H8:'Stock Prices'!$J788,FALSE,TRUE),{1})} -> -0.00016516131 | C7: {=INDEX(LINEST('Stock Prices'!M8:M788,'Stock Prices'!$H8:'Stock Prices'!$J788,FALSE,TRUE),{1})} -> 0.00042476592 | D7: {=INDEX(LINEST('Stock Prices'!N8:N788,'Stock Prices'!$H8:'Stock Prices'!$J788,FALSE,TRUE),{1})} -> 0.0011024862 | E7: {=INDEX(LINEST('Stock Prices'!O8:O788,'Stock Prices'!$H8:'Stock Prices'!$J788,FALSE,TRUE),{1})} -> 0.00012007621 | F7: {=INDEX(LINEST('Stock Prices'!P8:P788,'Stock Prices'!$H8:'Stock Prices'!$J788,FALSE,TRUE),{1})} -> 2.3893183e-05 | G7: {=INDEX(LINEST('Stock Prices'!Q8:Q788,'Stock Prices'!$H8:'Stock Prices'!$J788,FALSE,TRUE),{1})} -> 0.00058021939
A8: 07/25/2024 | B8: {=INDEX(LINEST('Stock Prices'!L9:L789,'Stock Prices'!$H9:'Stock Prices'!$J789,FALSE,TRUE),{1})} -> -5.4772158e-05 | C8: {=INDEX(LINEST('Stock Prices'!M9:M789,'Stock Prices'!$H9:'Stock Prices'!$J789,FALSE,TRUE),{1})} -> 0.00040599389 | D8: {=INDEX(LINEST('Stock Prices'!N9:N789,'Stock Prices'!$H9:'Stock Prices'!$J789,FALSE,TRUE),{1})} -> 0.0011073011 | E8: {=INDEX(LINEST('Stock Prices'!O9:O789,'Stock Prices'!$H9:'Stock Prices'!$J789,FALSE,TRUE),{1})} -> 0.00012499085 | F8: {=INDEX(LINEST('Stock Prices'!P9:P789,'Stock Prices'!$H9:'Stock Prices'!$J789,FALSE,TRUE),{1})} -> 1.1186232e-05 | G8: {=INDEX(LINEST('Stock Prices'!Q9:Q789,'Stock Prices'!$H9:'Stock Prices'!$J789,FALSE,TRUE),{1})} -> 0.00052015807
A9: 07/24/2024 | B9: {=INDEX(LINEST('Stock Prices'!L10:L790,'Stock Prices'!$H10:'Stock Prices'!$J790,FALSE,TRUE),{1})} -> -5.288422e-05 | C9: {=INDEX(LINEST('Stock Prices'!M10:M790,'Stock Prices'!$H10:'Stock Prices'!$J790,FALSE,TRUE),{1})} -> 0.00040471844 | D9: {=INDEX(LINEST('Stock Prices'!N10:N790,'Stock Prices'!$H10:'Stock Prices'!$J790,FALSE,TRUE),{1})} -> 0.0011214806 | E9: {=INDEX(LINEST('Stock Prices'!O10:O790,'Stock Prices'!$H10:'Stock Prices'!$J790,FALSE,TRUE),{1})} -> 0.00012473994 | F9: {=INDEX(LINEST('Stock Prices'!P10:P790,'Stock Prices'!$H10:'Stock Prices'!$J790,FALSE,TRUE),{1})} -> 1.8363976e-05 | G9: {=INDEX(LINEST('Stock Prices'!Q10:Q790,'Stock Prices'!$H10:'Stock Prices'!$J790,FALSE,TRUE),{1})} -> 0.00055119748
A10: 07/23/2024 | B10: {=INDEX(LINEST('Stock Prices'!L11:L791,'Stock Prices'!$H11:'Stock Prices'!$J791,FALSE,TRUE),{1})} -> -5.8249949e-06 | C10: {=INDEX(LINEST('Stock Prices'!M11:M791,'Stock Prices'!$H11:'Stock Prices'!$J791,FALSE,TRUE),{1})} -> 0.00043048095 | D10: {=INDEX(LINEST('Stock Prices'!N11:N791,'Stock Prices'!$H11:'Stock Prices'!$J791,FALSE,TRUE),{1})} -> 0.0012165728 | E10: {=INDEX(LINEST('Stock Prices'!O11:O791,'Stock Prices'!$H11:'Stock Prices'!$J791,FALSE,TRUE),{1})} -> 0.00019029613 | F10: {=INDEX(LINEST('Stock Prices'!P11:P791,'Stock Prices'!$H11:'Stock Prices'!$J791,FALSE,TRUE),{1})} -> 8.6131562e-05 | G10: {=INDEX(LINEST('Stock Prices'!Q11:Q791,'Stock Prices'!$H11:'Stock Prices'!$J791,FALSE,TRUE),{1})} -> 0.0005921204
A11: 07/22/2024 | B11: {=INDEX(LINEST('Stock Prices'!L12:L792,'Stock Prices'!$H12:'Stock Prices'!$J792,FALSE,TRUE),{1})} -> 3.9740034e-05 | C11: {=INDEX(LINEST('Stock Prices'!M12:M792,'Stock Prices'!$H12:'Stock Prices'!$J792,FALSE,TRUE),{1})} -> 0.00039733196 | D11: {=INDEX(LINEST('Stock Prices'!N12:N792,'Stock Prices'!$H12:'Stock Prices'!$J792,FALSE,TRUE),{1})} -> 0.0011819546 | E11: {=INDEX(LINEST('Stock Prices'!O12:O792,'Stock Prices'!$H12:'Stock Prices'!$J792,FALSE,TRUE),{1})} -> 0.0001947684 | F11: {=INDEX(LINEST('Stock Prices'!P12:P792,'Stock Prices'!$H12:'Stock Prices'!$J792,FALSE,TRUE),{1})} -> 0.00012662201 | G11: {=INDEX(LINEST('Stock Prices'!Q12:Q792,'Stock Prices'!$H12:'Stock Prices'!$J792,FALSE,TRUE),{1})} -> 0.00062626972
A12: 07/19/2024 | B12: {=INDEX(LINEST('Stock Prices'!L13:L793,'Stock Prices'!$H13:'Stock Prices'!$J793,FALSE,TRUE),{1})} -> 4.203474e-05 | C12: {=INDEX(LINEST('Stock Prices'!M13:M793,'Stock Prices'!$H13:'Stock Prices'!$J793,FALSE,TRUE),{1})} -> 0.0003898926 | D12: {=INDEX(LINEST('Stock Prices'!N13:N793,'Stock Prices'!$H13:'Stock Prices'!$J793,FALSE,TRUE),{1})} -> 0.0011881633 | E12: {=INDEX(LINEST('Stock Prices'!O13:O793,'Stock Prices'!$H13:'Stock Prices'!$J793,FALSE,TRUE),{1})} -> 0.00018852664 | F12: {=INDEX(LINEST('Stock Prices'!P13:P793,'Stock Prices'!$H13:'Stock Prices'!$J793,FALSE,TRUE),{1})} -> 0.00010602604 | G12: {=INDEX(LINEST('Stock Prices'!Q13:Q793,'Stock Prices'!$H13:'Stock Prices'!$J793,FALSE,TRUE),{1})} -> 0.00063014494
A13: 07/18/2024 | B13: {=INDEX(LINEST('Stock Prices'!L14:L794,'Stock Prices'!$H14:'Stock Prices'!$J794,FALSE,TRUE),{1})} -> 3.4052533e-05 | C13: {=INDEX(LINEST('Stock Prices'!M14:M794,'Stock Prices'!$H14:'Stock Prices'!$J794,FALSE,TRUE),{1})} -> 0.00040469239 | D13: {=INDEX(LINEST('Stock Prices'!N14:N794,'Stock Prices'!$H14:'Stock Prices'!$J794,FALSE,TRUE),{1})} -> 0.0011693944 | E13: {=INDEX(LINEST('Stock Prices'!O14:O794,'Stock Prices'!$H14:'Stock Prices'!$J794,FALSE,TRUE),{1})} -> 8.0974224e-05 | F13: {=INDEX(LINEST('Stock Prices'!P14:P794,'Stock Prices'!$H14:'Stock Prices'!$J794,FALSE,TRUE),{1})} -> 5.9371154e-05 | G13: {=INDEX(LINEST('Stock Prices'!Q14:Q794,'Stock Prices'!$H14:'Stock Prices'!$J794,FALSE,TRUE),{1})} -> 0.00063450479
A14: 07/17/2024 | B14: {=INDEX(LINEST('Stock Prices'!L15:L795,'Stock Prices'!$H15:'Stock Prices'!$J795,FALSE,TRUE),{1})} -> 3.2093619e-05 | C14: {=INDEX(LINEST('Stock Prices'!M15:M795,'Stock Prices'!$H15:'Stock Prices'!$J795,FALSE,TRUE),{1})} -> 0.00040601436 | D14: {=INDEX(LINEST('Stock Prices'!N15:N795,'Stock Prices'!$H15:'Stock Prices'!$J795,FALSE,TRUE),{1})} -> 0.0011592245 | E14: {=INDEX(LINEST('Stock Prices'!O15:O795,'Stock Prices'!$H15:'Stock Prices'!$J795,FALSE,TRUE),{1})} -> 7.6733376e-05 | F14: {=INDEX(LINEST('Stock Prices'!P15:P795,'Stock Prices'!$H15:'Stock Prices'!$J795,FALSE,TRUE),{1})} -> 3.9290066e-05 | G14: {=INDEX(LINEST('Stock Prices'!Q15:Q795,'Stock Prices'!$H15:'Stock Prices'!$J795,FALSE,TRUE),{1})} -> 0.00064076832
... A1736: 09/07/2017 | B1736: {=INDEX(LINEST('Stock Prices'!L1737:L2517,'Stock Prices'!$H1737:'Stock Prices'!$J2517,FALSE,TRUE),{1})} -> 0.00020651983 | C1736: {=INDEX(LINEST('Stock Prices'!M1737:M2517,'Stock Prices'!$H1737:'Stock Prices'!$J2517,FALSE,TRUE),{1})} -> -0.000237473 | D1736: {=INDEX(LINEST('Stock Prices'!N1737:N2517,'Stock Prices'!$H1737:'Stock Prices'!$J2517,FALSE,TRUE),{1})} -> 0.0010826455 | E1736: {=INDEX(LINEST('Stock Prices'!O1737:O2517,'Stock Prices'!$H1737:'Stock Prices'!$J2517,FALSE,TRUE),{1})} -> 0.00080905439 | F1736: {=INDEX(LINEST('Stock Prices'!P1737:P2517,'Stock Prices'!$H1737:'Stock Prices'!$J2517,FALSE,TRUE),{1})} -> 0.00096110852 | G1736: {=INDEX(LINEST('Stock Prices'!Q1737:Q2517,'Stock Prices'!$H1737:'Stock Prices'!$J2517,FALSE,TRUE),{1})} -> 0.00096180797
A1737: 09/06/2017
A1738: 09/05/2017
A1739: 09/01/2017
A1740: 08/31/2017
A1741: 08/30/2017
A1742: 08/29/2017
A1743: 08/28/2017
A1744: 08/25/2017
A1745: 08/24/2017
A1746: 08/23/2017
A1747: 08/22/2017
A1748: 08/21/2017
... A2517: 08/01/2014

Sheet FF5 Regression
A1: SUMMARY OUTPUT
A3: Regression Statistics | H3: (Stage 3) PARA-josh_ehiemere.xlsx
A4: Multiple R | B4: 0.087030629
A5: R Square | B5: 0.0075743304
A6: Adjusted R Square | B6: 0.00559358
A7: Standard Error | B7: 0.028662204
A8: Observations | B8: 2514
A10: ANOVA
B11: df | C11: SS | D11: MS | E11: F | F11: Significance F
A12: Regression | B12: 5 | C12: 0.015731353 | D12: 0.0031462707 | E12: 3.8298072 | F12: 0.0018511567
A13: Residual | B13: 2509 | C13: 2.0611986 | D13: 0.00082152194
A14: Total | B14: 2514 | C14: 2.0769299
B16: Coefficients | C16: Standard Error | D16: t Stat | E16: P-value | F16: Lower 95% | G16: Upper 95% | H16: Lower 95.0% | I16: Upper 95.0%
A17: Intercept | B17: 0 | C17: #N/A | D17: #N/A | E17: #N/A | F17: #N/A | G17: #N/A | H17: #N/A | I17: #N/A
A18: Mkt-RF | B18: 0.0021375022 | C18: 0.00053786891 | D18: 3.9740208 | E18: 7.2663033e-05 | F18: 0.0010827897 | G18: 0.0031922147 | H18: 0.0010827897 | I18: 0.0031922147
A19: SMB | B19: -0.0011600485 | C19: 0.00095945876 | D19: -1.2090655 | E19: 0.22675159 | F19: -0.0030414607 | G19: 0.00072136369 | H19: -0.0030414607 | I19: 0.00072136369
A20: HML | B20: 0.00043244137 | C20: 0.00090257211 | D20: 0.47912113 | E20: 0.63189421 | F20: -0.0013374213 | G20: 0.002202304 | H20: -0.0013374213 | I20: 0.002202304
A21: RMW | B21: -0.0018479781 | C21: 0.0012871681 | D21: -1.4356929 | E21: 0.15121439 | F21: -0.0043719988 | G21: 0.00067604257 | H21: -0.0043719988 | I21: 0.00067604257
A22: CMA | B22: 0.0013834518 | C22: 0.0016606186 | D22: 0.83309423 | E22: 0.40487088 | F22: -0.0018728717 | G22: 0.0046397752 | H22: -0.0018728717 | I22: 0.0046397752
B23: =MAX(B18:B22) -> 0.0021375022 | E23: =MIN(E18:E22) -> 7.2663033e-05
B24: economic significance | E24: statistical significance

Sheet CAPM Regression
A1: SUMMARY OUTPUT
A3: Regression Statistics
A4: Multiple R | B4: 0.078602619
A5: R Square | B5: 0.0061783718
A6: Adjusted R Square | B6: 0.005780441
A7: Standard Error | B7: 0.028659519
A8: Observations | B8: 2514
A10: ANOVA
B11: df | C11: SS | D11: MS | E11: F | F11: Significance F
A12: Regression | B12: 1 | C12: 0.012832045 | D12: 0.012832045 | E12: 15.622772 | F12: 7.9451773e-05
A13: Residual | B13: 2513 | C13: 2.0640979 | D13: 0.00082136803
A14: Total | B14: 2514 | C14: 2.0769299
B16: Coefficients | C16: Standard Error | D16: t Stat | E16: P-value | F16: Lower 95% | G16: Upper 95% | H16: Lower 95.0% | I16: Upper 95.0%
A17: Intercept | B17: 0 | C17: #N/A | D17: #N/A | E17: #N/A | F17: #N/A | G17: #N/A | H17: #N/A | I17: #N/A
A18: Mkt-RF | B18: 0.0019698413 | C18: 0.00049837034 | D18: 3.9525652 | E18: 7.9450916e-05 | F18: 0.00099258265 | G18: 0.0029470999 | H18: 0.00099258265 | I18: 0.0029470999
